Supplier_SK,Supplier Id,First Name,Last Name,Address,city,postalCode,phone,email
1,1,Aloysia,Hawarden,Suite 39,Dolno Palčište,1219,707-336-2757,ahawarden0@deviantart.com
2,2,Gilbert,Grewes,PO Box 88428,Bitica,,231-562-5973,ggrewes1@youku.com
3,3,Miof mela,Luis,Suite 70,Lasehao,,878-651-3559,mluis2@usda.gov
4,4,Carmencita,Mathy,Apt 697,Kovářov,753 62,723-979-7766,cmathy3@rakuten.co.jp
5,5,Christal,Egarr,PO Box 86289,Novoaleksandrovsk,356003,960-156-9740,cegarr4@nih.gov
6,6,Norene,Montford,Suite 40,Litian,,465-593-6282,nmontford5@bbb.org
7,7,Locke,Laterza,Suite 82,Gaibei,,233-852-8907,llaterza6@vinaora.com
8,8,Dene,Rabjohn,PO Box 55045,Miejska Górka,63-910,588-695-2672,drabjohn7@epa.gov
9,9,Peirce,Tregent,Room 430,Chitagá,544038,832-767-7569,ptregent8@angelfire.com
10,10,Kerianne,Bridgeland,PO Box 57764,Milagros,5410,410-689-0065,kbridgeland9@umn.edu
11,11,Rozalin,Farnsworth,Suite 79,Paracambi,26600-000,375-430-7016,rfarnswortha@symantec.com
12,12,Kendricks,Sambells,Suite 15,Zastron,9951,612-414-1727,ksambellsb@tiny.cc
13,13,Cristian,Schimoni,Room 1923,Bidyā,,960-464-3433,cschimonic@mail.ru
14,14,Shannen,Waite,18th Floor,Khān Arnabah,,242-455-9778,swaited@tinypic.com
15,15,Briant,Pegler,Room 1237,Hanau,63456,842-405-0793,bpeglere@dailymail.co.uk
16,16,Archaimbaud,Ashwell,16th Floor,Ambohitseheno,,919-992-5046,aashwellf@tuttocitta.it
17,17,Rolfe,Longcake,2nd Floor,Beizhouzi,,555-635-1065,rlongcakeg@typepad.com
18,18,Keriann,Hook,Room 1386,Bolekhiv,,412-392-1865,khookh@blinklist.com
19,19,Emlen,Yes,17th Floor,Marsa Alam,,618-455-8912,eyesi@noaa.gov
20,20,Edyth,Banfill,Suite 8,Si Mahosot,25190,669-431-8783,ebanfillj@mediafire.com
21,21,Fredia,Ledekker,7th Floor,Vardenik,,228-430-1530,fledekkerk@statcounter.com
22,22,Nicholas,Fowls,12th Floor,Kukës,,462-529-0028,nfowlsl@yelp.com
23,23,Danell,Norwich,13th Floor,Bekasi,,987-558-0083,dnorwichm@linkedin.com
24,24,Rhonda,Teall,PO Box 87709,Pasauran,,166-931-4215,rtealln@gov.uk
25,25,Uriah,Iltchev,Room 359,Selaphum,33150,218-173-1482,uiltchevo@over-blog.com
26,26,Shae,Aizik,Room 1501,Odeleite,8950-355,574-517-3768,saizikp@shop-pro.jp
27,27,Rebbecca,Mattke,Apt 86,Shamva,,386-757-8358,rmattkeq@theguardian.com
28,28,Hyacinth,Smeuin,PO Box 63418,Oratorio,6006,305-246-3342,hsmeuinr@slideshare.net
29,29,Samaria,Seathwright,Suite 2,Toktogul,,179-263-6652,sseathwrights@ftc.gov
30,30,Stafani,Orrock,PO Box 72008,Centre de Flacq,,425-251-9410,sorrockt@latimes.com
31,31,Ricky,Elsom,11th Floor,Pingfeng,,653-489-7856,relsomu@dyndns.org
32,32,Lynnette,Raiman,Apt 190,Yuwan,,269-932-9587,lraimanv@latimes.com
33,33,Kara,Baggot,10th Floor,Liuzuo,,859-502-2188,kbaggotw@sun.com
34,34,Tadd,Drohun,Suite 46,General Levalle,6132,327-702-2954,tdrohunx@deliciousdays.com
35,35,Pall,Dufty,Suite 52,Giồng Trôm,,402-545-3868,pduftyy@reddit.com
36,36,Eddy,Heathcott,Suite 36,Lysogorskaya,357838,329-427-2642,eheathcottz@tamu.edu
37,37,Olympie,Robson,Apt 1550,Keluke,,772-548-9922,orobson10@nbcnews.com
38,38,Tonye,Sowersby,Apt 836,Kendalrejo,,903-386-6173,tsowersby11@behance.net
39,39,Omar,Saunder,PO Box 13319,Bukal Sur,4323,367-385-8851,osaunder12@microsoft.com
40,40,Freddie,Brunicke,Suite 35,Zhujiachang,,672-845-9970,fbrunicke13@theatlantic.com
41,41,Leelah,Heddon,Room 1492,Alis,,842-603-8947,lheddon14@printfriendly.com
42,42,Flor,Bing,Apt 1807,Boksitogorsk,187642,370-699-4538,fbing15@quantcast.com
43,43,Petronilla,MacColm,13th Floor,Iperó,18560-000,995-288-1536,pmaccolm16@scribd.com
44,44,Humfried,Sowrah,Suite 90,Carianos,37460-000,545-880-2882,hsowrah17@patch.com
45,45,Aubree,Bamforth,Apt 1866,Tagbina,8308,155-988-2763,abamforth18@intel.com
46,46,Horatia,Dericut,PO Box 54050,Vykhino-Zhulebino,172372,399-684-4922,hdericut19@printfriendly.com
47,47,Noble,Rix,PO Box 56250,Puyuan,,218-795-3080,nrix1a@apache.org
48,48,Kerr,Porcas,18th Floor,Cagdianao,8411,922-213-2931,kporcas1b@arstechnica.com
49,49,Mac,Notman,7th Floor,Campo de la Cruz,84047,917-375-5685,mnotman1c@aol.com
50,50,Rosamund,Benley,Suite 10,Lazaro Cardenas,91539,629-449-3512,rbenley1d@purevolume.com
51,51,Kara,Kopisch,Room 467,Sanyang,,304-427-7353,kkopisch1e@hhs.gov
52,52,Nariko,Lismer,Apt 1483,Uppsala,756 49,398-960-7412,nlismer1f@scientificamerican.com
53,53,Laverne,Delos,Room 388,Kampong Chhnang,,723-586-6485,ldelos1g@wiley.com
54,54,Karol,Allerton,Room 1285,Geidam,,990-461-4626,kallerton1h@wordpress.org
55,55,Abigail,Cocking,Suite 52,Bom Sucesso,2615-284,263-656-7049,acocking1i@statcounter.com
56,56,Tammy,Letixier,Apt 750,Xinsheng,,240-730-6816,tletixier1j@umn.edu
57,57,Charlot,Lightwing,14th Floor,Bagakay,7214,988-764-6344,clightwing1k@sakura.ne.jp
58,58,Keith,Kenright,Room 338,Pagelaran,,474-100-5084,kkenright1l@abc.net.au
59,59,Hesther,Martyns,PO Box 54725,Tangnan,,239-652-9150,hmartyns1m@vkontakte.ru
60,60,Emmott,Hullot,PO Box 46753,Duba-Yurt,366304,479-472-9334,ehullot1n@bigcartel.com
61,61,Marta,Laviss,Suite 88,Ban Houakhoua,,606-432-6506,mlaviss1o@feedburner.com
62,62,Adan,Hillum,Room 895,Лабуништа,6337,528-633-5564,ahillum1p@goo.gl
63,63,Cord,Woloschin,Apt 897,Vir,1241,225-692-3030,cwoloschin1q@jiathis.com
64,64,Rosalind,Lambricht,Room 559,Obollo-Afor,,192-292-0311,rlambricht1r@nyu.edu
65,65,Garreth,Gionettitti,PO Box 91878,Sterlitamak,142672,668-737-0259,ggionettitti1s@about.com
66,66,Merola,Potten,PO Box 34630,Qilin,,646-401-3242,mpotten1t@is.gd
67,67,Bili,Stedell,11th Floor,Tuopu,,360-518-5313,bstedell1u@scientificamerican.com
68,68,Nobie,Zanni,Apt 1995,Macklin,B0K,881-411-3803,nzanni1v@mail.ru
69,69,Dell,Armin,1st Floor,Mangulewa,,789-118-1949,darmin1w@nsw.gov.au
70,70,Cate,Mowle,PO Box 80086,Charopó,,509-500-8671,cmowle1x@livejournal.com
71,71,Trina,O'Corr,6th Floor,Yangdu,,222-918-4678,tocorr1y@pen.io
72,72,Ceciley,Cloake,Apt 504,Makedonski Brod,6530,159-188-7021,ccloake1z@google.com.br
73,73,Wakefield,Jurzyk,Apt 1167,Libei,,411-169-1694,wjurzyk20@dedecms.com
74,74,Renie,Mithan,Suite 25,Tabwakea Village,,918-858-7785,rmithan21@thetimes.co.uk
75,75,Antonio,Laurenty,Apt 986,Épinal,88009 CEDEX,345-426-9536,alaurenty22@globo.com
76,76,Liesa,Natwick,Suite 63,Longjumeau,91169 CEDEX,935-665-2942,lnatwick23@marketwatch.com
77,77,Ealasaid,Dunstan,Suite 51,Umeå,901 86,435-569-6468,edunstan24@springer.com
78,78,Edythe,De Caville,6th Floor,Obertyn,,302-429-5323,edecaville25@wiley.com
79,79,Eward,Plaice,PO Box 1379,Dongcheng,,311-963-6672,eplaice26@lycos.com
80,80,Blaine,Jakubski,Apt 805,Hadyach,,232-504-4229,bjakubski27@go.com
81,81,Berti,McGrane,Apt 1073,Zaniemyśl,63-020,988-681-6019,bmcgrane28@eventbrite.com
82,82,Cilka,Fairham,PO Box 79130,Kosamphi Nakhon,90190,169-875-4092,cfairham29@ustream.tv
83,83,Jonah,Osburn,Apt 829,Matanzas,11904,143-487-3606,josburn2a@cyberchimps.com
84,84,Shandie,Breslauer,11th Floor,Baiyin,,812-822-1244,sbreslauer2b@walmart.com
85,85,Falkner,Tarver,Apt 924,Quixadá,63900-000,440-265-1773,ftarver2c@earthlink.net
86,86,Dane,Jagger,Suite 64,Všenory,252 31,590-447-6641,djagger2d@loc.gov
87,87,Helen-elizabeth,Chitter,Apt 554,Osekovo,44317,974-696-2926,hchitter2e@webmd.com
88,88,Mitchell,Glamart,PO Box 28671,Coris,,278-989-7656,mglamart2f@gmpg.org
89,89,Raynor,Mosedale,3rd Floor,Barong,2913,296-192-9111,rmosedale2g@bloomberg.com
90,90,Rosamund,Stockwell,PO Box 97803,Jiuxi,,264-585-7950,rstockwell2h@moonfruit.com
91,91,Farley,Dumbleton,Apt 1328,Tam Kỳ,,584-645-7597,fdumbleton2i@istockphoto.com
92,92,Maxwell,Lindsey,PO Box 88064,Pashkovskiy,385228,967-396-8560,mlindsey2j@technorati.com
93,93,Candy,Cloney,14th Floor,Strängnäs,645 84,635-305-0651,ccloney2k@unicef.org
94,94,Sherlock,Eighteen,Suite 4,Zengji,,366-762-5899,seighteen2l@forbes.com
95,95,Erena,Corking,4th Floor,Gelin,,451-515-4850,ecorking2m@yelp.com
96,96,Northrup,Hannaford,PO Box 69316,Nakhon Phanom,48000,902-949-4319,nhannaford2n@businessinsider.com
97,97,Amby,Crocombe,Room 459,Umeå,903 01,665-198-8180,acrocombe2o@yellowbook.com
98,98,Berry,Burges,20th Floor,Timbrangan,,583-775-3249,bburges2p@constantcontact.com
99,99,Robby,Caccavari,PO Box 66529,Bosanski Novi,,976-769-2956,rcaccavari2q@blinklist.com
100,100,Abbie,Truscott,Apt 669,Kuching,93520,848-413-3682,atruscott2r@kickstarter.com
101,101,Neddy,Tiffin,9th Floor,Houxixi,,451-691-8227,ntiffin2s@un.org
102,102,Steffen,Leadley,Room 161,Pskov,180559,391-197-9816,sleadley2t@lycos.com
103,103,Davita,Cuphus,Suite 48,Fiditi,,217-342-8136,dcuphus2u@diigo.com
104,104,Bendite,Knutsen,Apt 473,Rubirizi,,228-725-1204,bknutsen2v@cam.ac.uk
105,105,Rae,Tern,Apt 844,Huaranchal,,553-309-4224,rtern2w@vistaprint.com
106,106,Kara,Madison,Suite 41,Vinha,4820-005,289-437-5079,kmadison2x@digg.com
107,107,Rhodie,Carmen,Apt 1225,Porto Alto,2135-027,347-599-7526,rcarmen2y@smugmug.com
108,108,Kin,Crossdale,PO Box 99768,Ettelbruck,L-9098,310-788-6758,kcrossdale2z@ow.ly
109,109,Ricky,Fortune,Room 1005,Tuusula,4380,231-272-1161,rfortune30@reddit.com
110,110,Hermon,Shellsheere,Room 1641,Tonggakjati,,229-212-4309,hshellsheere31@google.it
111,111,Brittne,Stone,Room 45,Hecun,,803-241-0100,bstone32@omniture.com
112,112,Hans,Balaam,Apt 1582,Bogatynia,59-920,198-651-0014,hbalaam33@over-blog.com
113,113,Dari,Francino,13th Floor,Jiandou,,446-312-6244,dfrancino34@answers.com
114,114,Duke,Muzzullo,Apt 1593,Shuntian,,482-764-4258,dmuzzullo35@ask.com
115,115,Perri,Ubach,PO Box 48055,Niihama,595-0814,732-397-8533,pubach36@oaic.gov.au
116,116,Kip,O'Caherny,Room 233,Setono,,471-395-4936,kocaherny37@qq.com
117,117,Fan,Faustian,Room 998,Weiguo,,583-629-8680,ffaustian38@go.com
118,118,Evelin,Ruger,Room 1722,Lysekil,453 35,505-385-1730,eruger39@dropbox.com
119,119,Bibbie,Rennebach,Apt 1738,As Saffānīyah,,185-588-9292,brennebach3a@joomla.org
120,120,Errick,MacWhirter,Suite 31,Mīrwāh Gorchani,36121,652-850-8113,emacwhirter3b@google.com.br
121,121,Loy,Beisley,PO Box 79060,Imrīsh,,214-586-6723,lbeisley3c@europa.eu
122,122,Corrina,Giacomi,PO Box 76514,Luocheng,,144-691-2897,cgiacomi3d@cocolog-nifty.com
123,123,Zachariah,Ascroft,Room 835,Courelas Bravas,2975-083,726-599-0202,zascroft3e@histats.com
124,124,Ring,Smardon,Room 558,Andong,,383-823-5658,rsmardon3f@cornell.edu
125,125,Janaya,MacAdie,Room 842,Shufeng,,122-776-7698,jmacadie3g@icq.com
126,126,Maryann,Dugan,Apt 783,Liulin,,621-306-7818,mdugan3h@domainmarket.com
127,127,Pate,Clarricoates,Suite 48,Sv. Trojica v Slov. Goricah,2236,151-175-0114,pclarricoates3i@oaic.gov.au
128,128,Clarisse,Johananoff,Apt 1661,Kaliterus,,612-233-8217,cjohananoff3j@un.org
129,129,Ralf,Klimkin,Suite 52,Staré Město,788 32,444-905-0609,rklimkin3k@va.gov
130,130,Any,Tarbet,Apt 251,Satu Nou,737513,108-408-1661,atarbet3l@marriott.com
131,131,Else,Dibdale,16th Floor,Fuzhiping,,851-735-6090,edibdale3m@amazon.co.uk
132,132,Brannon,Orton,7th Floor,Vandœuvre-lès-Nancy,54516 CEDEX,201-805-2236,borton3n@sitemeter.com
133,133,Vanny,Adamiak,Suite 92,Willemstad,,526-110-0044,vadamiak3o@dell.com
134,134,Barclay,Godly,Suite 13,Nam Khun,34260,975-981-2793,bgodly3p@altervista.org
135,135,Reeta,Olivera,Apt 1932,Al Ghāriyah,,703-733-5602,rolivera3q@illinois.edu
136,136,Berri,Gissing,PO Box 40764,Giawang,6310,844-250-1013,bgissing3r@nasa.gov
137,137,Reba,Knightsbridge,Suite 50,Soufrière,,465-461-6259,rknightsbridge3s@ucoz.com
138,138,Brennan,Ridett,PO Box 42121,Tari,,220-501-5291,bridett3t@acquirethisname.com
139,139,Etan,Audry,Room 572,Karbinci,2207,456-987-5415,eaudry3u@upenn.edu
140,140,Nerissa,Culbard,Apt 1108,Babug,9213,937-352-0268,nculbard3v@mysql.com
141,141,Guillaume,Stuckow,Suite 55,Mörrum,375 90,368-487-9256,gstuckow3w@comcast.net
142,142,Rey,Knowlson,Room 1304,Bashtanka,,895-905-4730,rknowlson3x@posterous.com
143,143,Viv,Bontoft,PO Box 41965,Hecheng,,718-766-3625,vbontoft3y@wordpress.com
144,144,Beryl,Rizon,Room 1471,Zarechnyy,164020,847-559-9913,brizon3z@netlog.com
145,145,Axe,Adrianello,Apt 896,Jinshiqiao,,133-345-8800,aadrianello40@jiathis.com
146,146,Tully,Yakovl,14th Floor,Atlanta,30358,404-204-3963,tyakovl41@timesonline.co.uk
147,147,Redd,Dobsons,PO Box 64107,Všemina,763 15,414-628-8060,rdobsons42@tuttocitta.it
148,148,Seamus,O'Sheeryne,Apt 1274,Douma,,784-304-2986,sosheeryne43@zimbio.com
149,149,Marina,Rumford,16th Floor,Āqchah,,192-345-4790,mrumford44@flickr.com
150,150,Bennie,Adolf,Suite 34,Brusyliv,,364-846-9762,badolf45@github.io
151,151,Kirbee,Harmar,8th Floor,Aparecida de Goiânia,74900-000,805-156-5370,kharmar46@facebook.com
152,152,Tirrell,Van Niekerk,Room 1014,Los Boquerones,,435-914-7027,tvanniekerk47@huffingtonpost.com
153,153,Kenon,Bowring,2nd Floor,Dologon,8714,164-482-7651,kbowring48@vk.com
154,154,Cletis,Hadwin,Apt 186,Magtangol,1114,990-101-2970,chadwin49@tiny.cc
155,155,Stella,Santostefano.,Apt 421,Komono,811-3122,363-248-9434,ssantostefano4a@bizjournals.com
156,156,Dana,Larkby,Apt 86,Lyon,69488 CEDEX 03,160-913-9276,dlarkby4b@bandcamp.com
157,157,Darcie,Gaine,Room 220,Ostojićevo,,528-326-7244,dgaine4c@tmall.com
158,158,Boote,Jeffers,Room 1645,Urus-Martan,366510,115-960-8324,bjeffers4d@booking.com
159,159,Jdavie,Arkil,9th Floor,Libao,,851-487-8287,jarkil4e@google.com.au
160,160,Ikey,Mulleary,9th Floor,Caeté,34800-000,697-961-7427,imulleary4f@tinypic.com
161,161,Ellswerth,Kibby,Apt 1871,Kotes,,452-814-3672,ekibby4g@theguardian.com
162,162,Audre,Bartolomieu,Suite 1,Lujing Zhen,,874-215-6552,abartolomieu4h@redcross.org
163,163,Reece,Mackinder,Suite 98,Nikki,,628-392-2762,rmackinder4i@cbc.ca
164,164,Jefferey,Twitching,Suite 14,Tetebatu,,293-231-4878,jtwitching4j@google.ca
165,165,Yelena,Makiver,Apt 345,Ōi,356-0024,116-272-6821,ymakiver4k@yelp.com
166,166,Reinald,Libermore,15th Floor,Meylan,38244 CEDEX,633-680-0860,rlibermore4l@uiuc.edu
167,167,Kristan,Aldam,13th Floor,Chupa,186670,926-328-7687,kaldam4m@google.pl
168,168,Gay,Vahl,Suite 32,Xinghua,,709-675-6721,gvahl4n@washingtonpost.com
169,169,Margareta,Scritch,Suite 96,Binjai,,791-445-4731,mscritch4o@netscape.com
170,170,Maggie,MacGillivray,Room 1151,Bettendorf,L-9359,373-653-5286,mmacgillivray4p@omniture.com
171,171,Link,Hutcheon,Room 1968,Mosteiros,9555-145,563-752-4513,lhutcheon4q@zimbio.com
172,172,Billie,Sircombe,Room 900,Sandao,,855-637-4064,bsircombe4r@uiuc.edu
173,173,Charisse,Dougill,Apt 916,Burgos,8424,422-221-9017,cdougill4s@cyberchimps.com
174,174,Tomasine,Pettingill,Apt 1696,Adigeni,,756-703-7248,tpettingill4t@about.me
175,175,Sebastian,Reditt,Room 483,Chesma,457229,236-287-4809,sreditt4u@blogtalkradio.com
176,176,Bo,Ivanusyev,Suite 19,La Rioja,5300,801-169-3668,bivanusyev4v@163.com
177,177,Hugues,Heskin,Apt 972,Markópoulo Oropoú,,755-555-9302,hheskin4w@microsoft.com
178,178,Janet,Gurr,PO Box 11489,‘Akko,,961-619-3999,jgurr4x@flickr.com
179,179,Brook,Catherall,18th Floor,Jianrao,,323-309-0635,bcatherall4y@unblog.fr
180,180,Edythe,Kleuer,PO Box 12379,Emmen,7804,291-456-4625,ekleuer4z@fastcompany.com
181,181,Ram,Beeton,18th Floor,Cijambe,,890-566-4554,rbeeton50@utexas.edu
182,182,Nolie,Lippitt,5th Floor,San Carlos de Bolívar,6550,282-405-2464,nlippitt51@sun.com
183,183,Willi,Dashkovich,Room 1597,Thị Trấn Mù Cang Chải,,104-551-7657,wdashkovich52@sogou.com
184,184,Kermie,Shoebottom,Apt 202,Dongping,,575-240-0232,kshoebottom53@umn.edu
185,185,Jere,Atty,20th Floor,Francistown,,754-531-7817,jatty54@seattletimes.com
186,186,Lalo,Artus,Apt 610,Pai do Vento,2755-279,946-144-4023,lartus55@cbslocal.com
187,187,Waldemar,Scanlon,Suite 66,Jarinu,13240-000,260-565-5050,wscanlon56@slashdot.org
188,188,Erina,Fancott,PO Box 49045,Fargo,58122,701-638-5067,efancott57@hatena.ne.jp
189,189,Deirdre,Wibberley,Suite 69,Hitoyoshi,868-0825,626-364-5057,dwibberley58@miitbeian.gov.cn
190,190,Gretchen,Bullingham,PO Box 2663,Dębno,74-400,238-755-0082,gbullingham59@house.gov
191,191,Kariotta,Dingsdale,10th Floor,Walahir,,776-311-1486,kdingsdale5a@comcast.net
192,192,Ricoriki,Gimblet,20th Floor,Cachoeira,44300-000,143-865-5845,rgimblet5b@fema.gov
193,193,Auria,Rutherfoord,Apt 1472,Xiangshun,,692-816-0364,arutherfoord5c@deviantart.com
194,194,Loydie,Middlebrook,Room 1838,Lwengo,,854-767-8673,lmiddlebrook5d@cocolog-nifty.com
195,195,Borden,Bernet,Apt 639,Shal’skiy,186167,125-937-1279,bbernet5e@nationalgeographic.com
196,196,Martyn,Bridle,Room 1014,Chishtiān Mandi,69001,836-296-2380,mbridle5f@yellowbook.com
197,197,Lorain,Danat,Apt 1357,Coaticook,J1A,579-678-5850,ldanat5g@answers.com
198,198,Brittney,Crannage,1st Floor,San Sebastian,69200,962-643-2075,bcrannage5h@vinaora.com
199,199,Erie,Simpole,Room 781,Skidal’,,199-961-2290,esimpole5i@digg.com
200,200,Ced,Krystof,Suite 38,Parakanhonje Wetan,,685-685-5554,ckrystof5j@admin.ch
201,201,Chanda,Greaves,PO Box 41577,Xia Zanggor,,288-765-8576,cgreaves5k@themeforest.net
202,202,Agace,McElhargy,Suite 52,Ciulu,,275-720-1983,amcelhargy5l@dailymail.co.uk
203,203,Marybeth,Nossent,Apt 1394,Yehud,,312-975-3267,mnossent5m@independent.co.uk
204,204,Faber,Bastard,20th Floor,El Bolsón,8430,539-686-9069,fbastard5n@google.fr
205,205,Pepi,Buncher,Room 879,Guaíra,14790-000,142-840-9588,pbuncher5o@cisco.com
206,206,Rustin,Askaw,Apt 1101,Placetas,,486-201-2134,raskaw5p@google.pl
207,207,Correna,Hallgath,Apt 1947,Vila Verde,3025-403,810-579-4308,challgath5q@gov.uk
208,208,Allie,Hysom,Suite 98,Perico,,489-541-8729,ahysom5r@ezinearticles.com
209,209,Tresa,Gimenez,10th Floor,Sel’tso,241551,378-455-9792,tgimenez5s@answers.com
210,210,Rhodia,Heims,Apt 683,Sepulu,,716-405-3961,rheims5t@taobao.com
211,211,Trudie,Blankenship,Apt 1966,Wenquan,,802-625-5737,tblankenship5u@blogspot.com
212,212,Philly,Chastelain,PO Box 57347,Gorodets,606533,995-959-1879,pchastelain5v@techcrunch.com
213,213,Ally,Jonas,Apt 1460,Jintang,,376-740-7763,ajonas5w@theglobeandmail.com
214,214,Aldo,McKeurtan,5th Floor,Pyhäranta,23950,617-932-8982,amckeurtan5x@photobucket.com
215,215,Theodoric,Yerill,Apt 379,Qianyou,,566-550-7800,tyerill5y@exblog.jp
216,216,Pat,Mann,PO Box 6027,Pak Thong Chai,30150,700-258-6667,pmann5z@studiopress.com
217,217,Daryle,Willets,Apt 583,Bojen Kulon,,683-931-1503,dwillets60@cyberchimps.com
218,218,Vernice,McHan,1st Floor,Damāvand,,279-991-6880,vmchan61@live.com
219,219,Jonis,Mordey,Room 1323,Zel’va,,726-105-4045,jmordey62@hubpages.com
220,220,Pavel,Rowlson,Room 1587,Carmen de Viboral,54457,824-323-8033,prowlson63@zdnet.com
221,221,Patrizia,Macenzy,Room 1070,Monte Francisco,8950-205,141-759-2544,pmacenzy64@bandcamp.com
222,222,Jase,Roxbrough,9th Floor,Wailolung,,793-223-8282,jroxbrough65@sciencedaily.com
223,223,Reeba,Mechi,Suite 50,Asaita,,196-540-4643,rmechi66@ifeng.com
224,224,Maudie,Carbery,PO Box 34800,Shaxi,,791-840-5883,mcarbery67@ft.com
225,225,Ray,Shovelin,Room 911,Krasnyy Oktyabr’,188903,981-391-0563,rshovelin68@alibaba.com
226,226,Benjamen,Gatecliffe,PO Box 52287,Wudui,,604-851-2067,bgatecliffe69@umn.edu
227,227,Domingo,Leipnik,Apt 1457,Rahayu,,644-974-3198,dleipnik6a@squidoo.com
228,228,Dugald,Randerson,Apt 1491,Kokofata,,630-357-8023,dranderson6b@nytimes.com
229,229,Trudi,Aizikovich,Suite 53,Sara Kunda,,123-969-8973,taizikovich6c@gmpg.org
230,230,Westbrook,Lathleiffure,7th Floor,Wolofeo,,640-464-0269,wlathleiffure6d@baidu.com
231,231,Alejandra,Osmar,PO Box 97540,Ilagan,3300,954-409-4084,aosmar6e@marketwatch.com
232,232,Keelby,Pinch,Suite 96,Uzlovaya,301649,560-960-3515,kpinch6f@latimes.com
233,233,Gipsy,Tooze,Suite 76,San Silvestre,,682-410-1086,gtooze6g@cam.ac.uk
234,234,Harvey,Blowne,PO Box 67459,Houston,77293,281-977-3049,hblowne6h@wiley.com
235,235,Tanya,Tansill,PO Box 75861,Arnhem,6814,409-657-3325,ttansill6i@ovh.net
236,236,Giavani,Maxweell,Suite 30,Pingtang,,840-201-1274,gmaxweell6j@wunderground.com
237,237,Audra,Cheverell,Suite 30,Gorey,Y25,140-299-4217,acheverell6k@devhub.com
238,238,Ardra,Goldston,Room 1694,Kāleke Mandi,52150,537-946-8818,agoldston6l@youtu.be
239,239,Charline,Burnhams,Room 834,Chita,151609,774-824-2889,cburnhams6m@reuters.com
240,240,Wylma,Baudinot,Apt 1633,Priyutovo,452189,635-522-6418,wbaudinot6n@soup.io
241,241,Lorri,De Domenico,PO Box 31627,Julita,6506,603-611-9199,ldedomenico6o@sogou.com
242,242,Ranique,Serrurier,PO Box 49365,Tochio-honchō,955-0156,182-695-9563,rserrurier6p@indiatimes.com
243,243,Genna,Judge,2nd Floor,Kazlų Rūda,69083,839-227-7697,gjudge6q@nih.gov
244,244,Shelia,Ruecastle,PO Box 57006,Khujirt,,117-429-9502,sruecastle6r@unc.edu
245,245,Raf,Prodrick,Room 1408,Zhexiao,,749-940-5503,rprodrick6s@twitter.com
246,246,Archaimbaud,Lever,Apt 1126,Ambatolaona,,289-600-1538,alever6t@buzzfeed.com
247,247,Hernando,Whereat,1st Floor,Mountain View,94042,650-594-1694,hwhereat6u@paypal.com
248,248,Olivie,Lahy,Suite 31,Kalibo (poblacion),8113,879-537-7269,olahy6v@spiegel.de
249,249,Laurene,Walkley,Room 1663,Shuangfeng,,941-977-8063,lwalkley6w@blogs.com
250,250,Gayelord,Simonyi,16th Floor,Nelipyno,,215-154-8507,gsimonyi6x@google.fr
251,251,Wini,Dubock,Room 531,Mrozy,05-320,293-882-6014,wdubock6y@webs.com
252,252,Morie,Dight,PO Box 58362,Stupsk,06-561,914-925-6308,mdight6z@privacy.gov.au
253,253,Jenifer,Tremellan,PO Box 38019,Le Port,97824 CEDEX,799-481-5327,jtremellan70@admin.ch
254,254,Sadie,Duckworth,Suite 12,Shar’ya,157510,424-116-1897,sduckworth71@networksolutions.com
255,255,Allister,Earland,Suite 46,Ar Rawnah,,685-303-9807,aearland72@myspace.com
256,256,Dory,Patrick,Room 1346,Hayan Hudong,,347-741-7350,dpatrick73@netscape.com
257,257,Patricia,Billie,Room 281,Yunxian Chengguanzhen,,932-994-2186,pbillie74@hugedomains.com
258,258,Anneliese,Dann,16th Floor,Lasek,34-471,967-945-7386,adann75@usa.gov
259,259,Toddy,Chicotti,Suite 48,Shilovo,396907,826-277-9960,tchicotti76@seesaa.net
260,260,Briano,Danjoie,Room 1368,Meikeng,,153-674-2693,bdanjoie77@nydailynews.com
261,261,Gaspard,Josowitz,Apt 243,Bayamo,,521-354-5502,gjosowitz78@census.gov
262,262,Jordan,Corston,Apt 1136,Kargowa,66-120,880-435-3449,jcorston79@washington.edu
263,263,Bartlet,Gareisr,Room 730,Labangka Satu,,372-491-4260,bgareisr7a@cafepress.com
264,264,Zacharie,Capon,Room 1778,Marabá,68500-000,329-341-4044,zcapon7b@loc.gov
265,265,Davy,Drable,9th Floor,Mesa,85215,602-309-7034,ddrable7c@si.edu
266,266,Darcy,Whellams,16th Floor,Jishan,,123-553-9018,dwhellams7d@senate.gov
267,267,Tobey,McCool,Suite 95,Dārchulā,,456-489-9954,tmccool7e@redcross.org
268,268,Sibby,Nevison,Room 120,Ditang,,615-688-6216,snevison7f@whitehouse.gov
269,269,Bear,Kiehne,Apt 540,Tsurusaki,870-0106,494-763-2813,bkiehne7g@twitpic.com
270,270,Buiron,Lomb,PO Box 41002,Xinbei,,394-989-4242,blomb7h@msn.com
271,271,Kendell,MacAvaddy,PO Box 84583,Wilkołaz,23-212,316-909-1176,kmacavaddy7i@chron.com
272,272,Hersch,Yarnley,1st Floor,Novokhopërsk,397440,617-980-4496,hyarnley7j@blogs.com
273,273,Ellwood,Graser,PO Box 46585,Mawlaik,,296-184-6792,egraser7k@blinklist.com
274,274,Wadsworth,Cahani,Apt 565,Sanhe,,269-721-4945,wcahani7l@nymag.com
275,275,Gustavus,Benini,Suite 33,Ralevka,,732-735-7269,gbenini7m@comcast.net
276,276,Sayres,Daingerfield,PO Box 35241,Chonglou,,524-951-5177,sdaingerfield7n@redcross.org
277,277,Robby,Vallantine,Room 172,Nový Hrozenkov,756 04,917-404-8529,rvallantine7o@squarespace.com
278,278,Muriel,Tupp,Room 424,Isheyevka,433310,182-480-2571,mtupp7p@163.com
279,279,Stevie,Pember,Apt 841,Caleta Olivia,9011,252-183-8248,spember7q@microsoft.com
280,280,Laurena,Coverlyn,Suite 3,Hausjärvi,12210,427-986-0012,lcoverlyn7r@timesonline.co.uk
281,281,Willard,Halladay,Room 325,Lérida,731027,905-187-7505,whalladay7s@so-net.ne.jp
282,282,Haleigh,Southworth,Suite 6,Xiushi,,741-437-9050,hsouthworth7t@noaa.gov
283,283,Kirstin,Escoffrey,Room 1103,Tempuran,,116-587-2037,kescoffrey7u@sciencedirect.com
284,284,Ive,Rafferty,Suite 69,Dulce Nombre,,486-957-9910,irafferty7v@ted.com
285,285,Carolyne,Degan,Apt 490,Tudela,7202,731-553-0302,cdegan7w@liveinternet.ru
286,286,Annmaria,Vasilkov,17th Floor,Santa Apolonia,4005,876-591-7162,avasilkov7x@aol.com
287,287,Ransell,St Clair,Suite 18,Bom Jesus do Itabapoana,28360-000,323-641-5563,rstclair7y@bandcamp.com
288,288,Travers,Danahar,PO Box 43121,Tatou,,575-917-0136,tdanahar7z@intel.com
289,289,Winifred,Haysham,11th Floor,Lyublino,433762,969-914-6116,whaysham80@hhs.gov
290,290,Collen,Baldoni,6th Floor,Bagiktinggang,,199-722-2418,cbaldoni81@rakuten.co.jp
291,291,Stuart,Werendell,5th Floor,Taiping,34010,439-598-2737,swerendell82@desdev.cn
292,292,Luciana,Philpotts,Apt 806,Desa Nasol,,128-522-8752,lphilpotts83@aboutads.info
293,293,Astrix,Creboe,Apt 1264,Floridablanca,681008,770-706-1852,acreboe84@imgur.com
294,294,Constanta,Burdis,19th Floor,Huaraz,,165-296-6742,cburdis85@ucla.edu
295,295,Candace,Ace,Suite 59,General Elizardo Aquino,,149-718-3876,cace86@cloudflare.com
296,296,Cly,Josephov,Apt 1783,Burgos,8424,642-850-9206,cjosephov87@reference.com
297,297,Edsel,Vowles,Suite 4,Casal Velho,3100-327,914-347-7869,evowles88@nationalgeographic.com
298,298,Louisa,Redhead,PO Box 73415,Arţās,,539-243-4867,lredhead89@ovh.net
299,299,Claude,Picard,Apt 1932,Nova Iguaçu,26000-000,184-948-8651,cpicard8a@biglobe.ne.jp
300,300,Belinda,Crosskill,PO Box 3686,Seltjarnarnes,172,959-142-0815,bcrosskill8b@cnn.com
301,301,Marita,Darby,Suite 53,Lordelo,4815-014,659-470-4735,mdarby8c@hexun.com
302,302,Alison,Bunce,Suite 7,Nagrog Wetan,,577-695-6656,abunce8d@google.ca
303,303,Alonzo,McTavy,PO Box 83027,Kamennogorsk,188950,916-715-3436,amctavy8e@rediff.com
304,304,Yancy,Winston,PO Box 70583,Leon,24010,547-358-0431,ywinston8f@craigslist.org
305,305,Clerissa,Spavins,PO Box 73341,Dhuusamarreeb,,273-183-7546,cspavins8g@blinklist.com
306,306,Lynnea,Jeffcoate,15th Floor,Gowurdak,,274-365-3381,ljeffcoate8h@mayoclinic.com
307,307,Cello,Shorie,1st Floor,San Isidro,,983-577-9643,cshorie8i@flavors.me
308,308,Ange,Lill,Apt 1221,Lagunillas,,476-422-0824,alill8j@163.com
309,309,Margarette,Downer,Apt 567,Phoenix,85067,602-899-4469,mdowner8k@usatoday.com
310,310,Dacia,Ware,PO Box 50485,Kota Kinabalu,88400,481-247-2804,dware8l@craigslist.org
311,311,Corly,Gummow,Apt 1074,Kwangyang,,995-102-0148,cgummow8m@harvard.edu
312,312,Richmond,Bazoge,Apt 99,Shapa,,840-972-8834,rbazoge8n@simplemachines.org
313,313,Marybelle,Grigolashvill,Suite 18,Chencun,,909-559-6378,mgrigolashvill8o@vkontakte.ru
314,314,Sonnie,Graeber,Suite 6,Yara,,926-414-2520,sgraeber8p@seesaa.net
315,315,Aland,Tootal,Apt 1849,Saint-Étienne,42045 CEDEX 1,152-218-9260,atootal8q@patch.com
316,316,Jeffry,Berggren,Room 1740,Orlando,32885,407-510-7496,jberggren8r@newsvine.com
317,317,Chicky,Barth,Apt 1765,Qarshi,,540-124-6369,cbarth8s@wikispaces.com
318,318,Marcos,Hartright,Room 862,Arıqıran,,375-927-7627,mhartright8t@lulu.com
319,319,Colene,Maclean,Apt 660,San Jorge,5117,832-653-4539,cmaclean8u@mayoclinic.com
320,320,Vicky,Hewlings,Room 1795,Acarigua,,471-984-4168,vhewlings8v@thetimes.co.uk
321,321,Steward,Conklin,Room 663,Kalynivka,,541-279-5516,sconklin8w@google.pl
322,322,Dominique,Paul,1st Floor,Jizhou,,783-888-1089,dpaul8x@utexas.edu
323,323,Vinnie,Anglin,PO Box 52811,Babahoyo,,106-737-0841,vanglin8y@narod.ru
324,324,Wynne,Bawle,Apt 113,Guagua,2003,129-605-4864,wbawle8z@bbc.co.uk
325,325,Alikee,Boik,3rd Floor,Alemanguan,3524,859-484-2657,aboik90@cornell.edu
326,326,Fleurette,Pound,Apt 478,San Miguel,,546-975-2981,fpound91@squarespace.com
327,327,Cherida,Moodie,18th Floor,Megati Kelod,,468-542-0853,cmoodie92@aboutads.info
328,328,Mavis,Yellop,9th Floor,Jardoeira,2440-370,679-973-5173,myellop93@t-online.de
329,329,Andrus,Pogson,PO Box 33496,Gaoleshan,,205-302-9074,apogson94@marketwatch.com
330,330,Yehudit,Cecchi,Room 371,Spas’ke,,803-976-1801,ycecchi95@webs.com
331,331,Ulric,Aimeric,Suite 53,Igrim,628146,385-305-4321,uaimeric96@weibo.com
332,332,Eva,Youle,PO Box 11846,Igreja,9200-078,561-955-2213,eyoule97@weebly.com
333,333,Euphemia,Caddy,PO Box 68784,Koronadal,9505,273-401-2003,ecaddy98@woothemes.com
334,334,Des,Nugent,19th Floor,Krikil,,551-381-5306,dnugent99@thetimes.co.uk
335,335,Kurt,Bossingham,Room 1425,Wanfu,,250-102-7333,kbossingham9a@bloomberg.com
336,336,Jemmie,Mattielli,Apt 1309,Novomichurinsk,216464,480-920-4006,jmattielli9b@studiopress.com
337,337,Lonna,Razoux,Suite 32,Reims,51679 CEDEX 2,284-687-7679,lrazoux9c@reverbnation.com
338,338,Cord,Bottleson,13th Floor,Ponta Grossa,84000-000,185-294-4217,cbottleson9d@latimes.com
339,339,Amelie,Salleir,Apt 1278,Qiping,,573-354-7262,asalleir9e@abc.net.au
340,340,Bentley,Eburne,Room 1432,Vermil,4805-550,976-350-4034,beburne9f@furl.net
341,341,Victoir,Balleine,Apt 1126,Roanoke,24009,540-800-5344,vballeine9g@shareasale.com
342,342,Teriann,Neilson,PO Box 37686,Maastricht,6204,402-995-3967,tneilson9h@discuz.net
343,343,Graig,Aireton,Suite 93,Tieling,,892-793-0663,gaireton9i@thetimes.co.uk
344,344,Hildegarde,Anthill,Suite 47,Xinyuan,,386-872-0080,hanthill9j@house.gov
345,345,Florette,McNeilley,Apt 955,Shymkent,,763-749-3510,fmcneilley9k@com.com
346,346,Currey,Hefferon,13th Floor,Sakerta Timur,,626-387-8131,chefferon9l@google.fr
347,347,Ebba,Longea,Room 1764,Armenia,630008,215-921-6168,elongea9m@vkontakte.ru
348,348,Carolina,Bleby,PO Box 2372,Almada,2800-011,785-101-8227,cbleby9n@blogspot.com
349,349,Lucy,Kubis,PO Box 45345,Ciheras,,196-185-8356,lkubis9o@youku.com
350,350,Zulema,Skirving,PO Box 68308,Caen,14058 CEDEX 4,230-855-5092,zskirving9p@prnewswire.com
351,351,Mella,McCerery,Suite 92,Tehetu,,654-587-6566,mmccerery9q@xinhuanet.com
352,352,Kimbell,Mollene,Room 1545,Ubrub,,758-990-7886,kmollene9r@imageshack.us
353,353,Cecelia,Elwyn,Apt 1277,Tsengel,,249-506-0916,celwyn9s@ycombinator.com
354,354,Alejandra,Wallbank,Room 662,Xianzong,,692-508-9470,awallbank9t@symantec.com
355,355,Waring,Bruneton,Suite 58,Pak Phayun,93120,883-272-1160,wbruneton9u@sina.com.cn
356,356,Keenan,Rostron,PO Box 31316,Pingba,,983-493-8736,krostron9v@issuu.com
357,357,Delly,Oldridge,Suite 48,Āl Ma‘ūdah,,311-709-1133,doldridge9w@shareasale.com
358,358,Antonin,Simmonett,2nd Floor,Sélestat,67609 CEDEX,930-337-0398,asimmonett9x@unesco.org
359,359,Dorry,Longmead,PO Box 34817,Huze,,678-353-1759,dlongmead9y@sciencedirect.com
360,360,Dahlia,Lotherington,1st Floor,Neẖalim,,273-969-8150,dlotherington9z@ox.ac.uk
361,361,Neila,Lonnon,PO Box 7618,Canela,95680-000,820-217-6911,nlonnona0@google.com.au
362,362,Ashlen,Hagart,PO Box 39923,Yisuhe,,344-610-1154,ahagarta1@ow.ly
363,363,Gaston,Lorking,1st Floor,Coulommiers,77529 CEDEX,955-236-8058,glorkinga2@facebook.com
364,364,Andra,Tyce,Apt 371,Yangkou,,532-313-7200,atycea3@etsy.com
365,365,Shandee,Hannis,Suite 48,Aioi,999-3222,919-330-2354,shannisa4@cocolog-nifty.com
366,366,Konstanze,Folder,3rd Floor,Gedangan,,366-308-0051,kfoldera5@vinaora.com
367,367,Christa,Bassingham,PO Box 43647,Huangjindong,,147-173-7560,cbassinghama6@census.gov
368,368,Bride,Baldocci,8th Floor,Huaihua,,518-931-2127,bbaldoccia7@wiley.com
369,369,Erhard,Barehead,Suite 13,Delgermörön,,502-486-5928,ebareheada8@springer.com
370,370,Eddy,Roussel,Room 1653,Xilin Hot,,439-862-4743,eroussela9@infoseek.co.jp
371,371,Barnabas,Crassweller,PO Box 97700,Buštěhrad,273 43,685-762-7770,bcrasswelleraa@xinhuanet.com
372,372,Bentlee,Jardin,18th Floor,Inuvik,E8L,747-192-5794,bjardinab@nifty.com
373,373,Alvis,Aspray,Suite 3,Sremska Mitrovica,,940-555-5806,aasprayac@samsung.com
374,374,Eal,Marie,14th Floor,Malangwa,,569-516-7387,emariead@washington.edu
375,375,Liliane,Lanceley,PO Box 96401,Miguel Pereira,26900-000,104-497-6289,llanceleyae@wp.com
376,376,Abraham,Connelly,Apt 1124,Mitsuke,954-0153,757-698-9828,aconnellyaf@europa.eu
377,377,Morganica,Tellenbrok,PO Box 2175,Sanjia,,931-515-5691,mtellenbrokag@google.com.au
378,378,Tabbie,Izatt,4th Floor,Yimnón,,801-998-3779,tizattah@timesonline.co.uk
379,379,Ki,Wabe,Apt 5,Qing’an,,241-774-1822,kwabeai@jugem.jp
380,380,Ilene,Lutas,Apt 1385,Lupao,3122,336-618-2653,ilutasaj@blogspot.com
381,381,Petra,Gooch,15th Floor,Kholmsk,188507,289-390-8206,pgoochak@sfgate.com
382,382,Andres,Herrieven,Room 1735,Ilembula,,638-644-4368,aherrievenal@upenn.edu
383,383,Sloan,Salvadori,PO Box 67867,Tuopu Luke,,103-100-6789,ssalvadoriam@cmu.edu
384,384,Ammamaria,Harvett,Apt 484,Stonewall,H9J,197-714-3198,aharvettan@cyberchimps.com
385,385,Giselle,Jirek,PO Box 65245,North Bay,P1A,977-820-7148,gjirekao@cnbc.com
386,386,Helge,Reoch,Room 1470,Bifeng,,949-577-6938,hreochap@seattletimes.com
387,387,Rutter,Guillet,Room 791,Sŏnbong,,588-958-5027,rguilletaq@hibu.com
388,388,Myrah,Pavel,Apt 1724,Quwa,,726-189-2238,mpavelar@ucoz.ru
389,389,Charleen,Lidgely,Suite 70,Baizhu,,214-392-5503,clidgelyas@t.co
390,390,Ricki,Leathe,Suite 42,Donghe,,225-936-6962,rleatheat@wiley.com
391,391,Egan,Broadhead,PO Box 67981,Longsha,,712-454-2093,ebroadheadau@sphinn.com
392,392,Norrie,Deyenhardt,Suite 14,Kalebun,,152-594-3060,ndeyenhardtav@123-reg.co.uk
393,393,Eduino,Clutton,Apt 808,Lansing,48919,517-527-8707,ecluttonaw@behance.net
394,394,Noel,Maleck,Room 520,Igurusi,,398-980-2187,nmaleckax@narod.ru
395,395,Jaquelyn,Acott,12th Floor,Keroka,,805-272-9776,jacottay@ezinearticles.com
396,396,Justen,Dugdale,Apt 1667,Linköping,581 81,608-929-7788,jdugdaleaz@addtoany.com
397,397,Agretha,Muffen,PO Box 89486,Tagum,1720,754-494-6187,amuffenb0@blogtalkradio.com
398,398,Maximilianus,Speed,Suite 100,Piñahan,1100,839-184-5950,mspeedb1@eventbrite.com
399,399,Dulcie,Smithyman,PO Box 84298,Jiulong,,288-518-2383,dsmithymanb2@gizmodo.com
400,400,Phylys,Diable,Room 29,Wanfu,,734-808-1229,pdiableb3@uiuc.edu
401,401,Davine,Dymoke,Suite 43,Zakroczym,05-170,624-473-8229,ddymokeb4@msu.edu
402,402,Barnaby,Covendon,Room 1275,Sukoreno,,393-366-1133,bcovendonb5@seesaa.net
403,403,Starlene,Clopton,Room 1170,Song’ao,,894-486-9931,scloptonb6@youtube.com
404,404,Lee,Naris,Apt 725,Łazy,76-002,597-921-9124,lnarisb7@seattletimes.com
405,405,Torre,Walentynowicz,Suite 36,Garang,,302-719-6435,twalentynowiczb8@toplist.cz
406,406,Valerie,Sirett,5th Floor,Cincinnati,45264,513-592-8198,vsirettb9@oakley.com
407,407,Letta,Loving,Room 182,Jacksonville,32236,904-707-7353,llovingba@addtoany.com
408,408,Ofelia,Vanderplas,Suite 69,Mont-Dore,98810,798-565-1733,ovanderplasbb@go.com
409,409,Gary,Hedman,Suite 85,Maringá,87000-000,827-261-9372,ghedmanbc@slate.com
410,410,Eadmund,Connaughton,Suite 12,Crespo,3116,624-135-4758,econnaughtonbd@posterous.com
411,411,Kermy,Peggrem,Room 741,Eskifjörður,735,618-602-3627,kpeggrembe@nba.com
412,412,Amalita,Landreth,10th Floor,Ouadda,,585-960-9604,alandrethbf@google.it
413,413,Theresina,Di Franceschi,Suite 3,Popasna,,167-452-0332,tdifranceschibg@msu.edu
414,414,Guglielmo,McKeran,Room 668,Hallstavik,763 42,621-903-5284,gmckeranbh@deviantart.com
415,415,Chere,Foystone,PO Box 50845,Tsurusaki,870-0106,831-665-5864,cfoystonebi@nytimes.com
416,416,Barret,Nelhams,16th Floor,Sinubong,1711,972-374-5807,bnelhamsbj@wikipedia.org
417,417,Hadleigh,Abbotts,PO Box 6735,Tongda,,197-659-0371,habbottsbk@domainmarket.com
418,418,Hetty,Matskiv,Apt 994,Huogezhuang,,931-115-7996,hmatskivbl@github.com
419,419,Angeline,MacAindreis,Apt 652,Acas,,867-429-1974,amacaindreisbm@ibm.com
420,420,Cordey,Chisholm,Suite 48,Padasono,,145-472-4948,cchisholmbn@house.gov
421,421,Neilla,Arkwright,Suite 65,Jessore,9413,123-539-9822,narkwrightbo@g.co
422,422,Aurilia,Felce,Suite 29,Jevremovac,,928-695-4296,afelcebp@odnoklassniki.ru
423,423,Melody,Windaybank,Room 1393,Lanyang,,236-466-5491,mwindaybankbq@amazon.com
424,424,Rafaello,Blacklidge,Suite 43,Besançon,25004 CEDEX,150-156-7142,rblacklidgebr@psu.edu
425,425,Sisely,McVitie,PO Box 27551,Cicurug,,132-941-3070,smcvitiebs@ucla.edu
426,426,Bevin,Dubs,Apt 1255,Batán,70502,889-185-7623,bdubsbt@meetup.com
427,427,Toni,Leveridge,PO Box 33790,Yur’yev-Pol’skiy,601800,959-628-0988,tleveridgebu@gravatar.com
428,428,Alley,Mates,PO Box 61510,Washington,20057,202-648-8463,amatesbv@xing.com
429,429,Darb,Dmitrienko,PO Box 91547,Santa Rita,,951-960-2954,ddmitrienkobw@newsvine.com
430,430,Egan,Clawsley,PO Box 51104,Qianshan,,687-936-1944,eclawsleybx@edublogs.org
431,431,Rebecka,Kaysor,Suite 89,Nardaran,,118-789-7476,rkaysorby@prweb.com
432,432,Merwyn,Castelli,Room 1735,Mountain View,94042,650-838-8946,mcastellibz@51.la
433,433,Brigg,Gorring,Room 265,Somanda,,715-891-6618,bgorringc0@weibo.com
434,434,Debor,Hames,Room 359,Luleå,974 23,670-329-3119,dhamesc1@dropbox.com
435,435,Candy,Beiderbeck,Room 1104,Druzhba,,118-473-2255,cbeiderbeckc2@tinyurl.com
436,436,Ailene,Raye,16th Floor,Dalovice,362 63,876-677-1470,arayec3@telegraph.co.uk
437,437,David,Simonato,Apt 1457,Palopat,,863-746-9135,dsimonatoc4@yale.edu
438,438,Cash,Eyrl,PO Box 66620,Thị Trấn Tam Điệp,,330-278-9125,ceyrlc5@archive.org
439,439,Chauncey,Mottley,Suite 77,Jacareí,12300-000,697-408-3175,cmottleyc6@cnet.com
440,440,Grenville,Grayson,Room 1807,Saniwonorejo,,186-183-6467,ggraysonc7@spotify.com
441,441,Lem,Gilliat,PO Box 44865,Hachiōji,197-0834,632-247-0815,lgilliatc8@phpbb.com
442,442,Mildrid,Wilce,Apt 1870,Bagiktinggang,,357-890-5266,mwilcec9@webmd.com
443,443,Harmony,Aggott,PO Box 61623,Örnsköldsvik,891 86,724-981-6822,haggottca@symantec.com
444,444,Quinn,Dury,1st Floor,Qiwen,,270-769-4172,qdurycb@huffingtonpost.com
445,445,Yul,Elizabeth,Apt 520,Nikolina Gora,143031,687-561-9084,yelizabethcc@phpbb.com
446,446,Ezmeralda,Minchenton,5th Floor,Freiria,2565-282,917-842-9290,eminchentoncd@sina.com.cn
447,447,Griffie,Anselm,7th Floor,Novyy Svit,,242-194-2875,ganselmce@hp.com
448,448,Ludovico,MacDonnell,17th Floor,Balucuc,2016,960-882-3665,lmacdonnellcf@sciencedirect.com
449,449,Lynnelle,Gwinn,Room 1568,Soba,,211-891-0197,lgwinncg@scribd.com
450,450,Lolly,Ramberg,Apt 1514,Wadung,,701-224-3799,lrambergch@latimes.com
451,451,Ashbey,Selwin,Apt 794,Chuncheng,,683-190-9973,aselwinci@tinyurl.com
452,452,Jessey,Davidowsky,PO Box 59645,Kopral,,112-770-0011,jdavidowskycj@nasa.gov
453,453,Eberhard,Solomonides,19th Floor,Plalar,,209-352-6920,esolomonidesck@usnews.com
454,454,Kathrine,Casin,Suite 15,Kwali,,652-505-6159,kcasincl@tripod.com
455,455,Cyrill,Lowdham,Apt 1075,Ciudad Nueva,10208,411-178-0456,clowdhamcm@dailymotion.com
456,456,Maximilianus,Sacchetti,Apt 886,Mayo,94140,284-758-6828,msacchetticn@toplist.cz
457,457,Marita,Andrasch,PO Box 10759,Liangshan,,131-943-1422,mandraschco@cloudflare.com
458,458,Biddie,Karpychev,Suite 24,Sanlidian,,959-666-4214,bkarpychevcp@nyu.edu
459,459,Loria,Robatham,Apt 287,Stavanger,4025,218-991-3142,lrobathamcq@wired.com
460,460,Meryl,A'Barrow,Room 628,Senahú,16008,495-217-9885,mabarrowcr@ustream.tv
461,461,Tallie,Dorsey,PO Box 6850,Kishorganj,5710,479-364-5830,tdorseycs@photobucket.com
462,462,Albina,Dyers,Suite 51,Kalabahi,,683-228-5253,adyersct@weibo.com
463,463,Ezra,Kaley,PO Box 50061,Curug,,403-167-9997,ekaleycu@netlog.com
464,464,Paul,Sconce,PO Box 82592,Carrazeda de Ansiães,5140-058,937-435-1476,psconcecv@fema.gov
465,465,Flss,Brudenell,Room 1836,Espinillo,3460,804-151-8245,fbrudenellcw@house.gov
466,466,Mona,Laing,Apt 1091,Pocsi,,925-423-1008,mlaingcx@mashable.com
467,467,Bevvy,Giorgetti,Apt 224,Káto Dhiminió,,622-191-2573,bgiorgetticy@surveymonkey.com
468,468,Darnell,Pentercost,Room 1287,Inari,99871,610-580-6503,dpentercostcz@intel.com
469,469,Bailey,Concannon,Apt 392,Belém,58255-000,222-735-2869,bconcannond0@epa.gov
470,470,Foss,Roddick,PO Box 44035,Luleå,972 42,100-853-1303,froddickd1@flickr.com
471,471,Welsh,Pettican,Suite 20,Yuejin,,914-507-5342,wpetticand2@geocities.jp
472,472,Byram,Gilling,PO Box 85260,Malāyer,,933-486-2213,bgillingd3@fema.gov
473,473,Rosita,Cristofor,Room 1475,Ponggeok,,181-486-0198,rcristoford4@yelp.com
474,474,Bartolomeo,Biswell,Apt 589,Huacheng,,788-748-4737,bbiswelld5@uiuc.edu
475,475,Simmonds,Stenbridge,Apt 1398,Baie-Saint-Paul,G3Z,471-244-4544,sstenbridged6@sphinn.com
476,476,Marcelo,Coldham,Apt 633,Jaroměřice nad Rokytnou,675 51,513-447-6640,mcoldhamd7@sun.com
477,477,Eldredge,Kick,7th Floor,Timbrangan,,425-784-0740,ekickd8@networkadvertising.org
478,478,Issiah,Jersch,Room 989,Xinji,,517-445-3796,ijerschd9@people.com.cn
479,479,Benedict,De Malchar,10th Floor,Telouet,,545-629-0953,bdemalcharda@tuttocitta.it
480,480,Pen,Barnson,Suite 8,Luthu,,726-425-0004,pbarnsondb@europa.eu
481,481,Rosina,Strauss,Apt 1100,Oslo,571,991-437-2503,rstraussdc@theglobeandmail.com
482,482,Gaby,Gellion,Suite 37,Huifeng,,942-423-9737,ggelliondd@zimbio.com
483,483,Leopold,Cranmore,Suite 94,Annotto Bay,,127-520-0713,lcranmorede@alibaba.com
484,484,Olimpia,Topling,PO Box 64222,Sukoreno,,524-882-2006,otoplingdf@skype.com
485,485,Kelly,Betty,Room 1800,Ridder,,474-328-2478,kbettydg@addtoany.com
486,486,Sari,Jeaffreson,Suite 17,Uspenskoye,352450,127-189-9028,sjeaffresondh@msn.com
487,487,Pembroke,Gallaway,Room 1537,Georgiyevskaya,301042,797-443-6715,pgallawaydi@geocities.com
488,488,Maxwell,Hazart,Suite 61,Ilovka,309833,307-460-3686,mhazartdj@dedecms.com
489,489,Georgie,Cousin,18th Floor,Stuttgart,70567,373-149-2006,gcousindk@wikispaces.com
490,490,Candis,Gallifont,PO Box 74455,Punat,51521,903-867-4002,cgallifontdl@mtv.com
491,491,Reinold,Ludlow,PO Box 99900,Tojeira,3270-152,835-451-6082,rludlowdm@miibeian.gov.cn
492,492,Tiphani,Tinto,PO Box 11232,Sørvágur,380,652-678-5315,ttintodn@sourceforge.net
493,493,Maddie,Harbord,Room 1075,Magay,6344,370-148-7660,mharborddo@businesswire.com
494,494,Daryn,Warland,Room 1246,Cinco Saltos,8303,924-507-1095,dwarlanddp@dmoz.org
495,495,Maud,Linham,Room 477,Maunatlala,,561-180-0800,mlinhamdq@ox.ac.uk
496,496,Nikita,Oppy,Apt 1809,Dawu Chengguanzhen,,885-218-4458,noppydr@parallels.com
497,497,Morna,Parsonson,13th Floor,Buk,64-320,369-707-9171,mparsonsonds@java.com
498,498,Doretta,Casassa,Room 1900,Rukungiri,,308-430-3244,dcasassadt@gmpg.org
499,499,Sharlene,Ropkes,Apt 1394,Sobral,4990-585,487-320-0167,sropkesdu@weather.com
500,500,Walton,Wybrew,16th Floor,Sukadana,,661-340-6015,wwybrewdv@networkadvertising.org
501,501,Hadleigh,Henlon,Apt 1198,Timbiras,65420-000,494-388-3151,hhenlondw@amazon.de
502,502,Daron,Delaprelle,PO Box 49252,Bilüü,,609-910-3637,ddelaprelledx@trellian.com
503,503,Baily,Feore,PO Box 27845,Migori,,209-462-8398,bfeoredy@behance.net
504,504,Aloisia,Quinnell,Suite 38,Chiara,,837-625-9610,aquinnelldz@wikispaces.com
505,505,Aurea,Ivell,Apt 559,Skellefteå,931 22,366-872-5948,aivelle0@reverbnation.com
506,506,Vail,Houltham,Apt 1551,Bílovice,687 12,202-621-9571,vhoulthame1@cam.ac.uk
507,507,Cazzie,Berrill,PO Box 22571,Buesaco,520518,422-888-5304,cberrille2@goo.gl
508,508,Laurence,Redferne,Apt 979,Ko Chan,20240,166-758-7555,lredfernee3@eventbrite.com
509,509,Shaylyn,Cranmer,Room 1280,Nytva,617000,621-776-5687,scranmere4@smh.com.au
510,510,Eugenio,Shilliday,Apt 1055,Ekasapta,,807-266-4954,eshillidaye5@dagondesign.com
511,511,Benedikta,Van Velde,14th Floor,Jiujie,,809-783-1386,bvanveldee6@t.co
512,512,Rozina,Morrison,Apt 1951,San Gabriel,,227-688-7909,rmorrisone7@engadget.com
513,513,Mart,Feeley,Suite 97,San Luis Ixcán,9022,269-803-5974,mfeeleye8@mashable.com
514,514,Malachi,Boyda,Room 529,Nová Cerekev,394 15,189-633-6680,mboydae9@oaic.gov.au
515,515,Tybie,Yakuntsov,Suite 13,Fengcheng,,183-433-6393,tyakuntsovea@flavors.me
516,516,Son,Schultes,Room 708,Huangbu,,144-666-2019,sschulteseb@studiopress.com
517,517,Jobi,Ragless,Room 303,Břeclav,690 02,123-344-8554,jraglessec@sourceforge.net
518,518,Carly,Sannes,5th Floor,Ubá,36500-000,273-181-2917,csannesed@reverbnation.com
519,519,Bibbye,Bowmen,Apt 1835,Лабуништа,6337,791-345-9886,bbowmenee@spotify.com
520,520,Melantha,Brugemann,PO Box 60403,Miao’ergou,,552-998-2598,mbrugemannef@slate.com
521,521,Maryjane,Stoney,Suite 10,Isnā,,636-465-9256,mstoneyeg@gov.uk
522,522,Lonni,MacGillespie,Apt 307,Peza e Madhe,,664-617-9762,lmacgillespieeh@mozilla.org
523,523,Rivy,Ridgewell,Room 1807,Luzhi,,595-250-8366,rridgewellei@linkedin.com
524,524,Clerc,Warlow,Room 284,Khok Charoen,15250,954-343-1061,cwarlowej@cocolog-nifty.com
525,525,Valentine,Becket,16th Floor,Druju,,479-689-8489,vbecketek@newsvine.com
526,526,Kaleb,Antuk,Suite 96,Kertai,,106-538-9298,kantukel@last.fm
527,527,Edmund,Busen,Suite 27,Athy,R14,482-208-6037,ebusenem@wikipedia.org
528,528,Rebekkah,De Hooch,Suite 95,Bayt Sāḩūr,,179-341-3083,rdehoochen@wikia.com
529,529,Rivi,Oxterby,PO Box 87553,Flen,642 82,942-107-3519,roxterbyeo@unicef.org
530,530,Helene,Oubridge,Room 1301,Jastrebarsko,10450,305-152-7025,houbridgeep@booking.com
531,531,Cybil,Redding,14th Floor,Qohord-e Bālā,,154-738-7379,creddingeq@unc.edu
532,532,Caesar,Brotherheed,Apt 699,Avellaneda,5212,767-422-4088,cbrotherheeder@ebay.co.uk
533,533,Noella,Ceschelli,Apt 455,Rossosh’,443033,839-548-5874,nceschellies@github.io
534,534,Bertram,Ouver,Room 1058,Karlskrona,371 79,519-692-1943,bouveret@hhs.gov
535,535,Farra,Astin,20th Floor,Yingkeng,,144-792-3692,fastineu@indiatimes.com
536,536,Rennie,Fitzer,PO Box 73908,Jiasi,,786-636-4366,rfitzerev@nsw.gov.au
537,537,Berkeley,Grigoire,PO Box 21584,Sebegen,,829-711-2662,bgrigoireew@mac.com
538,538,Noelyn,Pidwell,Room 942,Kihancha,,407-602-1853,npidwellex@fc2.com
539,539,Suzann,Bresnen,Room 1466,Zhaixi,,442-385-5321,sbresneney@sogou.com
540,540,Timothee,Bradly,Apt 1992,Duncans,,454-283-2633,tbradlyez@blinklist.com
541,541,Klarrisa,Ferrario,7th Floor,Horní Libina,789 74,540-128-4263,kferrariof0@biblegateway.com
542,542,Charlene,Depka,5th Floor,Qasr Abu Hadi,,128-598-7210,cdepkaf1@google.com.hk
543,543,Demetre,Durnall,13th Floor,Catungawan Sur,6310,950-489-6192,ddurnallf2@state.gov
544,544,Kent,Race,Apt 1787,Yotala,,535-928-3845,kracef3@theglobeandmail.com
545,545,Gerrilee,Jouanet,PO Box 21830,Palestina,176048,442-890-1416,gjouanetf4@about.com
546,546,Rhody,Le Provest,Suite 10,Guanambi,46430-000,737-939-7943,rleprovestf5@storify.com
547,547,Cloe,Revan,Suite 26,Francisco Villa,26030,183-971-9141,crevanf6@bbc.co.uk
548,548,Pat,Meers,Room 521,Mtimbira,,844-538-1413,pmeersf7@msn.com
549,549,Putnem,Giacomello,Suite 92,Bobolice,76-020,677-571-5650,pgiacomellof8@huffingtonpost.com
550,550,Cecilius,Bewshaw,1st Floor,Buayan,9500,379-914-3505,cbewshawf9@histats.com
551,551,Leoline,Macieiczyk,Suite 77,Cassanayan,5018,405-107-8743,lmacieiczykfa@wisc.edu
552,552,Sheila-kathryn,Kears,Apt 1506,Landivisiau,29404 CEDEX,389-389-8744,skearsfb@cpanel.net
553,553,Gwynne,Chandlar,19th Floor,Biscoitos,9850-068,760-111-9748,gchandlarfc@digg.com
554,554,Morgun,Durnian,Suite 36,Itamarandiba,39670-000,981-598-4334,mdurnianfd@taobao.com
555,555,Claudina,Tebb,Suite 100,Colonia Yguazú,,652-725-1537,ctebbfe@harvard.edu
556,556,Denney,Tordiffe,Room 1829,San Rafael Oriente,,336-785-9054,dtordiffeff@arizona.edu
557,557,Nathanial,Paget,Apt 245,Lubowidz,09-304,896-635-7176,npagetfg@dropbox.com
558,558,Elfrida,Hurtado,Apt 742,Somié,,383-892-8200,ehurtadofh@huffingtonpost.com
559,559,Penny,Cragg,Apt 1018,New York City,10125,212-891-7138,pcraggfi@is.gd
560,560,Cory,Nulty,PO Box 10865,Lens,62304 CEDEX,194-880-5814,cnultyfj@blogtalkradio.com
561,561,Esta,Eger,PO Box 44857,Saubara,44220-000,132-609-5156,eegerfk@youku.com
562,562,Lissie,Flitcroft,14th Floor,Strömsund,833 24,919-353-4305,lflitcroftfl@google.pl
563,563,Gareth,Berkowitz,3rd Floor,San José de La Montaña,51417,777-599-5871,gberkowitzfm@forbes.com
564,564,Greg,Yarrow,Apt 1851,Xinyan,,162-547-9041,gyarrowfn@1688.com
565,565,Bertha,Carbin,Apt 1965,Danzao,,688-854-3585,bcarbinfo@globo.com
566,566,D'arcy,Rowaszkiewicz,Apt 594,Göteborg,417 17,734-378-3307,drowaszkiewiczfp@ask.com
567,567,Filide,Cawt,Room 1472,Jinhui,,769-268-6711,fcawtfq@illinois.edu
568,568,Victor,Milsted,Room 1095,Västerås,721 19,793-304-7447,vmilstedfr@xrea.com
569,569,Eugen,Costain,Apt 1097,Muaraenim,,136-845-7042,ecostainfs@mail.ru
570,570,Larina,Waddilow,13th Floor,Montceau-les-Mines,71309 CEDEX,102-124-1675,lwaddilowft@bandcamp.com
571,571,Saraann,Beat,Suite 100,Лабуништа,6337,803-174-3118,sbeatfu@independent.co.uk
572,572,Gisele,Bastian,Apt 613,Esquipulas,20706,161-395-1525,gbastianfv@salon.com
573,573,Rosy,Brodhead,Apt 1111,Shahr-e Şafā,,235-126-7760,rbrodheadfw@berkeley.edu
574,574,Blaine,Vinau,Suite 74,Bakung,,867-271-2340,bvinaufx@skype.com
575,575,Isahella,Merwede,PO Box 62485,Bandar-e Torkaman,,407-546-8169,imerwedefy@hugedomains.com
576,576,Carolynn,Landes,PO Box 50264,Debrzno,77-310,182-440-5674,clandesfz@stumbleupon.com
577,577,Delilah,O'Finan,Apt 1971,Södertälje,152 31,787-380-2846,dofinang0@dyndns.org
578,578,Kean,Acory,Suite 52,Strömsund,833 24,383-330-3428,kacoryg1@umich.edu
579,579,Cati,Lukes,Suite 39,Hendījān,,909-524-2356,clukesg2@gov.uk
580,580,Kellen,Pond-Jones,Room 518,Longquan,,928-532-0070,kpondjonesg3@barnesandnoble.com
581,581,Erinn,Twinterman,Room 347,Jiulong,,534-142-6678,etwintermang4@nyu.edu
582,582,Linea,Maffetti,Suite 23,Smidary,503 53,318-330-8566,lmaffettig5@nydailynews.com
583,583,Pia,Fletham,PO Box 70456,Baranoa,82028,212-667-3865,pflethamg6@delicious.com
584,584,Veriee,Yersin,Room 1762,Daga,,517-503-4441,vyersing7@people.com.cn
585,585,Roy,Godlee,Apt 150,Markala,,258-350-6652,rgodleeg8@comcast.net
586,586,Marlene,Losselyong,12th Floor,Poręba Spytkowska,32-865,407-341-4912,mlosselyongg9@free.fr
587,587,Aldric,Bampkin,PO Box 94422,Orlovka,357311,815-160-2943,abampkinga@canalblog.com
588,588,Felic,Scipsey,Suite 11,Sishilichengzi,,592-349-1758,fscipseygb@wikimedia.org
589,589,Erroll,Bilton,16th Floor,Pancheng,,455-473-5303,ebiltongc@patch.com
590,590,Ado,Loadwick,PO Box 90817,Surovikino,404436,808-946-2648,aloadwickgd@about.me
591,591,Fredra,Conford,Room 494,La Falda,4640,242-470-0232,fconfordge@wp.com
592,592,Cathy,Hubbocks,PO Box 47249,Briteiros Santa Leocádia,4805-458,152-892-2861,chubbocksgf@techcrunch.com
593,593,Bendick,Barracks,Apt 1768,Somerset East,5850,912-406-2882,bbarracksgg@accuweather.com
594,594,Terrel,Griffe,Room 402,Sokolniki,98-420,187-112-9175,tgriffegh@goo.gl
595,595,Lovell,Eva,Suite 78,Mayingzhuang,,718-757-1954,levagi@ameblo.jp
596,596,Audy,Field,PO Box 92158,Yaojiaji,,507-378-7141,afieldgj@github.com
597,597,Inge,Bettinson,14th Floor,Jargalant,,239-552-5517,ibettinsongk@about.com
598,598,Cilka,Fortman,Apt 1217,Okhansk,618100,490-911-3470,cfortmangl@dailymail.co.uk
599,599,Milton,Timson,Apt 1445,Tanjungbalai,,143-543-2368,mtimsongm@va.gov
600,600,Terry,Bachman,6th Floor,Gaotang,,174-958-0948,tbachmangn@uiuc.edu
601,601,Tome,Chiverton,Suite 65,Amuntai,,590-895-9048,tchivertongo@ezinearticles.com
602,602,Skipper,Frankcom,Room 178,Jurangjero,,463-296-6385,sfrankcomgp@lycos.com
603,603,Boone,Motten,PO Box 57292,Qijiazuo,,770-971-3649,bmottengq@earthlink.net
604,604,Ginelle,Coombs,9th Floor,Bazhu,,546-120-2067,gcoombsgr@ucoz.com
605,605,Waly,Kingsbury,Room 871,Tacna,,825-853-4288,wkingsburygs@marketwatch.com
606,606,Vivie,Chattelaine,Room 1231,Minas de Matahambre,,760-938-8630,vchattelainegt@clickbank.net
607,607,Joeann,Bresnen,4th Floor,Feliciano,5610,230-574-9615,jbresnengu@google.fr
608,608,Amandie,Sammons,Suite 13,Birayang,,266-683-2165,asammonsgv@huffingtonpost.com
609,609,Olav,Trunby,Suite 80,Yaozhanzi,,595-521-5758,otrunbygw@latimes.com
610,610,Dasi,Chilvers,16th Floor,Yajin,,273-914-6104,dchilversgx@jimdo.com
611,611,Melodie,Le Marchand,Apt 736,Katwijk,2228,730-574-2864,mlemarchandgy@nifty.com
612,612,Fannie,Dixie,Suite 53,Oslo,679,718-308-7452,fdixiegz@gravatar.com
613,613,Heall,Grocock,PO Box 93826,Prabuty,82-550,728-391-1072,hgrocockh0@nymag.com
614,614,Merv,Aleshintsev,Suite 51,Banag,4234,443-703-6705,maleshintsevh1@flickr.com
615,615,Samantha,Midgley,10th Floor,Destrnik,2253,987-808-7597,smidgleyh2@amazonaws.com
616,616,Grissel,Drable,Apt 368,Balagui,6549,955-415-5936,gdrableh3@umich.edu
617,617,Terrence,Sleet,Apt 687,Chocianów,59-141,607-846-0265,tsleeth4@dailymotion.com
618,618,Roobbie,Armin,PO Box 5173,Al Qanāyāt,,431-848-0113,rarminh5@wisc.edu
619,619,Jeralee,Coley,PO Box 14672,Jingcheng,,837-890-1294,jcoleyh6@si.edu
620,620,Erich,Mansour,Suite 15,Penelas,4850-194,943-571-0297,emansourh7@slate.com
621,621,Ebeneser,Bryer,Room 938,Khust,,278-927-2075,ebryerh8@nytimes.com
622,622,Amye,Sissons,PO Box 21121,Dūst Moḩammad Khān,,660-538-9804,asissonsh9@scribd.com
623,623,Carlie,Wiltshear,PO Box 59944,Lemery,5043,332-638-2766,cwiltshearha@mozilla.com
624,624,Sheffie,Pithcock,PO Box 76329,Presidente Dutra,65760-000,502-590-1063,spithcockhb@nytimes.com
625,625,Trixy,Beades,Suite 31,Juzhen,,856-233-6277,tbeadeshc@soundcloud.com
626,626,Alfred,Abilowitz,PO Box 22346,Taobei,,561-247-5334,aabilowitzhd@statcounter.com
627,627,Madalyn,Brims,Suite 69,Alingsås,441 92,269-451-6757,mbrimshe@uiuc.edu
628,628,Kylie,Seares,Room 1444,Meylan,38944 CEDEX,653-462-9186,kseareshf@histats.com
629,629,Niko,Harriot,Apt 1228,Chitral,17200,491-630-1417,nharriothg@youtube.com
630,630,Delmer,Aven,Apt 1818,Shūkat aş Şūfī,,866-135-6540,davenhh@state.tx.us
631,631,Banky,Perris,2nd Floor,Uryupinsk,403140,548-658-6947,bperrishi@ask.com
632,632,Clementius,Kiljan,Suite 93,Dubá,471 41,904-271-7480,ckiljanhj@nytimes.com
633,633,Bank,Maddinon,PO Box 55684,Fengle,,867-920-2888,bmaddinonhk@bravesites.com
634,634,Pietrek,Faichney,PO Box 727,Lawesigalagala Timur,,439-582-3445,pfaichneyhl@intel.com
635,635,Pierce,Meldrum,Apt 366,Bailingnao,,206-471-3175,pmeldrumhm@miitbeian.gov.cn
636,636,Thain,Mylechreest,Room 717,Adstock,G0N,244-566-5812,tmylechreesthn@zdnet.com
637,637,Meade,Brinson,11th Floor,Sukakarya,,185-965-0974,mbrinsonho@ow.ly
638,638,Odelle,Heers,Suite 24,Truskolasy,42-134,738-814-0285,oheershp@dmoz.org
639,639,Pat,Samways,Suite 91,Inhambane,,484-603-9451,psamwayshq@admin.ch
640,640,Louisa,Bischoff,Apt 975,Landerneau,29411 CEDEX,941-560-3677,lbischoffhr@comsenz.com
641,641,Nyssa,Frotton,Room 35,Pisaras,,741-695-2986,nfrottonhs@quantcast.com
642,642,Elbertina,Cleare,Room 268,Arys,,109-845-7864,ecleareht@360.cn
643,643,Corilla,Fraulo,Apt 1849,Bordeaux,33050 CEDEX,721-778-1442,cfraulohu@mtv.com
644,644,Tymothy,Rupke,PO Box 94622,Karangpete,,801-232-8698,trupkehv@acquirethisname.com
645,645,Mattheus,Silbermann,PO Box 62633,Yongchang,,931-647-2101,msilbermannhw@printfriendly.com
646,646,Adrea,Eisig,Room 1737,Tian’an,,165-695-1394,aeisighx@indiatimes.com
647,647,Wrennie,Weir,Room 1721,Muruni,,251-469-5447,wweirhy@about.me
648,648,Trista,Veryan,Room 1457,Isesaki,321-4342,114-407-6761,tveryanhz@github.com
649,649,Simone,Leroux,Apt 1443,Ipameri,75780-000,440-720-2951,slerouxi0@about.com
650,650,Chan,Campbell,Apt 1103,Turrialba,30501,198-948-3934,ccampbelli1@europa.eu
651,651,Salmon,Heustace,PO Box 72447,Seynod,74604 CEDEX,781-347-1219,sheustacei2@feedburner.com
652,652,Jacquelin,Faulks,Room 854,Greda,44273,519-590-1536,jfaulksi3@ebay.com
653,653,Lambert,Osanne,Apt 259,Rio,4615-424,462-392-5234,losannei4@weebly.com
654,654,Garrard,Domek,Room 1897,Shangying,,387-615-0199,gdomeki5@gnu.org
655,655,Sergio,Cattermole,Apt 1982,Katsina-Ala,,679-161-5280,scattermolei6@wp.com
656,656,Vinnie,Darragh,Suite 52,Mombasa,,347-636-6838,vdarraghi7@ucla.edu
657,657,Anatola,Gypson,Apt 1756,Ivanovka,102753,550-881-0545,agypsoni8@apache.org
658,658,Kirbee,Linnett,Room 1977,Foxton,4848,307-978-3340,klinnetti9@amazon.co.uk
659,659,Tabbatha,Dysert,PO Box 40822,Hohhot,,950-571-1946,tdysertia@myspace.com
660,660,Clementina,Habbert,Room 1377,Rochester,14604,585-798-0566,chabbertib@stanford.edu
661,661,Theresina,Liven,Apt 90,Nagosela,3440-635,519-597-2794,tlivenic@statcounter.com
662,662,Gabrielle,Moorman,Apt 1073,Frei,6524,696-530-7717,gmoormanid@marriott.com
663,663,Marielle,Triplet,Suite 83,Zuénoula,,791-221-8084,mtripletie@nature.com
664,664,Lynnet,Bunce,18th Floor,Bantul,,747-419-5557,lbunceif@sogou.com
665,665,Sarge,Tooth,Room 1011,Gubo,,116-515-6622,stoothig@shutterfly.com
666,666,Emmalynn,Deveraux,Suite 29,Mungo,2102,709-760-4625,edeverauxih@myspace.com
667,667,Charita,Casley,PO Box 48971,Jedlina-Zdrój,58-330,575-324-7689,ccasleyii@histats.com
668,668,Innis,Chaston,13th Floor,Murillo,731067,831-420-6464,ichastonij@vistaprint.com
669,669,Brad,Griffiths,1st Floor,Jinggongqiao,,333-163-8635,bgriffithsik@pen.io
670,670,Shandee,Knok,PO Box 64297,‘Afrīn,,711-207-2591,sknokil@edublogs.org
671,671,Eada,Gissing,Apt 1680,Narutō,289-1343,716-419-2729,egissingim@sina.com.cn
672,672,Vincenty,Philipart,Room 1207,Ulluaya,368324,863-491-0157,vphilipartin@go.com
673,673,Dino,Christescu,Apt 636,Anār,,276-655-1787,dchristescuio@vk.com
674,674,Beryl,Fernier,Apt 528,Ambatondrazaka,,485-144-8697,bfernierip@xinhuanet.com
675,675,Eugenie,Fiddeman,13th Floor,Klášterec nad Ohří,431 51,857-732-2866,efiddemaniq@ucoz.ru
676,676,Johnnie,Kilbane,Apt 155,Llusco,,629-843-9877,jkilbaneir@ox.ac.uk
677,677,Agneta,Teare,Apt 1455,Kungälv,442 12,994-508-4679,ateareis@wikispaces.com
678,678,Malinda,De Mattei,13th Floor,Zhenzhushan,,570-675-5165,mdematteiit@edublogs.org
679,679,Novelia,Iverson,18th Floor,Cam Ranh,,385-944-2001,niversoniu@kickstarter.com
680,680,Angele,Dominique,Suite 77,Las Mesas,,871-778-2134,adominiqueiv@economist.com
681,681,Rici,Batisse,1st Floor,Zdounky,768 02,823-361-8744,rbatisseiw@loc.gov
682,682,Pyotr,Bleibaum,15th Floor,København,1156,795-861-9509,pbleibaumix@ehow.com
683,683,Noah,Deverille,6th Floor,Telmin Suma,,573-760-3805,ndeverilleiy@walmart.com
684,684,Dasya,Billion,PO Box 3894,Ngô Đồng,,446-250-5803,dbillioniz@hugedomains.com
685,685,Cassandry,Trevino,4th Floor,Kimch’aek-si,,281-245-4664,ctrevinoj0@delicious.com
686,686,Merill,Coale,PO Box 92711,Nong Saeng,41340,372-460-4455,mcoalej1@cyberchimps.com
687,687,Sully,Overill,PO Box 14592,Paris 02,75080 CEDEX 02,827-719-0236,soverillj2@washington.edu
688,688,Roanne,Giriardelli,Suite 37,Myadzyel,,893-706-7323,rgiriardellij3@chronoengine.com
689,689,Ciro,Balding,Suite 63,Ibara,901-1401,128-108-3513,cbaldingj4@icq.com
690,690,Charissa,Murrhardt,PO Box 71547,Shajing,,517-157-0772,cmurrhardtj5@chronoengine.com
691,691,Delly,Zavattieri,Apt 1251,Refojos,4860-352,163-236-7167,dzavattierij6@biglobe.ne.jp
692,692,Jason,Caffery,Apt 1466,El Marañón,,105-289-8777,jcafferyj7@etsy.com
693,693,Ranee,Stow,Apt 887,Tamanan,,360-510-1610,rstowj8@people.com.cn
694,694,Gilberte,Medford,Suite 41,Shipu,,898-354-4983,gmedfordj9@ebay.co.uk
695,695,Deloria,Hembry,Suite 56,Xiangshan,,996-513-3793,dhembryja@chicagotribune.com
696,696,Nicoli,Blei,Apt 30,Zhaobaoshan,,829-896-5845,nbleijb@sohu.com
697,697,Harald,St Ledger,17th Floor,Sharga,,113-593-7546,hstledgerjc@hhs.gov
698,698,Esteban,Paschke,Room 771,Yanjiang,,979-543-3480,epaschkejd@123-reg.co.uk
699,699,Annice,Slyvester,PO Box 83115,Korniyivka,,637-886-2948,aslyvesterje@patch.com
700,700,Sisely,Orniz,PO Box 26686,Bāgh-e Malek,,450-622-5717,sornizjf@imdb.com
701,701,Towney,Mougenel,PO Box 5678,Jinglongqiao,,424-118-6640,tmougeneljg@imdb.com
702,702,Thayne,Frantz,Suite 34,Rychnov nad Kněžnou,516 01,115-609-5328,tfrantzjh@go.com
703,703,Herold,Piburn,Suite 28,Hartola,19601,518-151-9180,hpiburnji@twitter.com
704,704,Hilton,Rudram,PO Box 55859,Uspenskoye,352450,903-262-1151,hrudramjj@addthis.com
705,705,Anthea,Kave,Suite 2,Chợ Chu,,289-521-5294,akavejk@tamu.edu
706,706,Phedra,Trehearn,Suite 29,Khao Yoi,76140,181-709-3717,ptrehearnjl@skype.com
707,707,Ambros,Lethcoe,Apt 491,Lidingö,181 41,398-533-9569,alethcoejm@jalbum.net
708,708,Alexio,Tupman,6th Floor,Banatsko Karađorđevo,,688-586-0848,atupmanjn@google.ca
709,709,Elsie,Giraldez,Suite 42,Santo Niño,6711,958-583-5377,egiraldezjo@moonfruit.com
710,710,Bernard,Nicholson,16th Floor,Nanbao,,293-837-7778,bnicholsonjp@psu.edu
711,711,Isidor,Palin,14th Floor,Xinghai,,532-977-4645,ipalinjq@printfriendly.com
712,712,Lanny,Bezant,Suite 66,Mujur,,241-544-6503,lbezantjr@bandcamp.com
713,713,Sher,Konrad,PO Box 77132,Huangtian,,764-421-0702,skonradjs@chicagotribune.com
714,714,Odo,Matteucci,Apt 688,Karangbayat,,436-564-6889,omatteuccijt@columbia.edu
715,715,Arnie,Winthrop,Suite 16,Kastornoye,306700,361-819-0485,awinthropju@intel.com
716,716,Neila,Tomblin,Apt 1872,Baolong,,803-948-2321,ntomblinjv@ning.com
717,717,Callie,Peye,Apt 1099,Kota Kinabalu,88768,124-435-5753,cpeyejw@cafepress.com
718,718,Moishe,Lamborn,5th Floor,Lysogorskaya,357838,734-582-4111,mlambornjx@exblog.jp
719,719,Jeri,McGilleghole,Room 926,Lameira,4690-712,350-342-3950,jmcgillegholejy@uiuc.edu
720,720,Gaylene,Behneke,Room 1952,La Mesa,,153-766-7964,gbehnekejz@github.io
721,721,Dionis,Tine,Suite 67,Chotcza,81-035,161-999-6722,dtinek0@jimdo.com
722,722,Crystie,Cosgreave,PO Box 56908,Xinghuo,,412-223-8896,ccosgreavek1@mashable.com
723,723,Leonard,Panyer,PO Box 37950,Quinta do Anjo,2950-538,249-280-4609,lpanyerk2@princeton.edu
724,724,Eugenius,Isworth,Suite 94,Ndom,,986-293-4288,eisworthk3@redcross.org
725,725,Alexandre,Bullick,Apt 1324,Dado,5037,847-770-2381,abullickk4@taobao.com
726,726,Sidoney,Claasen,Room 1741,Pueblo Nuevo Viñas,6013,899-832-2435,sclaasenk5@photobucket.com
727,727,Irving,Handke,Room 885,Vilyuchinsk,671712,762-538-7507,ihandkek6@bizjournals.com
728,728,Der,Gristhwaite,Room 1235,Ilovka,309833,976-623-0659,dgristhwaitek7@wix.com
729,729,Nadia,Wakerley,19th Floor,Ilmajoki,60801,888-192-5411,nwakerleyk8@nifty.com
730,730,Guilbert,Gurge,Room 1769,Shatura,140704,315-978-9175,ggurgek9@sina.com.cn
731,731,Effie,Philpot,5th Floor,Bailan,5815,379-207-9732,ephilpotka@vkontakte.ru
732,732,Cosme,Manger,Room 119,Suvorovo,9170,842-605-4251,cmangerkb@alexa.com
733,733,Bethany,Hurry,Room 521,Huasahuasi,,196-309-3670,bhurrykc@squidoo.com
734,734,Abey,Eliesco,13th Floor,Yono,707-0112,295-656-4009,aeliescokd@microsoft.com
735,735,Farrand,Tulley,PO Box 2309,Villeta,253418,120-319-2025,ftulleyke@arstechnica.com
736,736,Pedro,Atwater,Suite 95,Sandur,215,931-144-5609,patwaterkf@goo.ne.jp
737,737,Patricia,Hurley,Apt 971,Tourcoing,59208 CEDEX,346-803-9695,phurleykg@google.ca
738,738,Pammie,Sher,PO Box 85618,Neya,157571,738-798-3181,psherkh@multiply.com
739,739,Karita,Gotliffe,11th Floor,El Calvario,68213,655-542-2682,kgotliffeki@xing.com
740,740,Don,Cansdale,Apt 286,Tame,814018,987-823-3102,dcansdalekj@upenn.edu
741,741,Ebeneser,Rooke,19th Floor,Dashev,,857-461-5755,erookekk@harvard.edu
742,742,Jessamyn,Hosby,Room 1826,Hongmei,,232-235-4899,jhosbykl@goo.gl
743,743,Inessa,Hardey,PO Box 46103,Dallas,75387,214-805-1220,ihardeykm@squarespace.com
744,744,Desi,Durden,Apt 387,Peace River,T8S,141-707-4694,ddurdenkn@nsw.gov.au
745,745,Aloise,Gartsyde,Suite 53,Araçatuba,16000-000,880-346-6260,agartsydeko@tinyurl.com
746,746,Magdaia,Krook,Apt 1355,Tiout,,805-332-9628,mkrookkp@washingtonpost.com
747,747,Augustin,Hendriks,12th Floor,Nandong,,169-155-3377,ahendrikskq@yelp.com
748,748,Viviyan,Phateplace,7th Floor,Madolenihm Municipality Government,,389-108-1656,vphateplacekr@smugmug.com
749,749,Cortney,McCurley,Room 231,Linjiang,,935-292-6435,cmccurleyks@nytimes.com
750,750,Jess,Millins,PO Box 74787,Carvalhal da Aroeira,2350-697,160-750-2184,jmillinskt@amazon.co.uk
751,751,August,Wilkisson,Suite 99,Tukums,,606-707-5752,awilkissonku@com.com
752,752,Jenelle,Venning,Apt 1809,Hualongyan,,741-398-9319,jvenningkv@reference.com
753,753,Sadye,Farmloe,Apt 1430,Sukorejo,,877-567-0333,sfarmloekw@seesaa.net
754,754,Kerrin,Townshend,Room 1662,Santo Domingo,4508,315-903-9358,ktownshendkx@macromedia.com
755,755,Dodi,Linham,17th Floor,Nassau,,492-314-5413,dlinhamky@ox.ac.uk
756,756,Philippe,Cornborough,16th Floor,Bukor,,601-135-8979,pcornboroughkz@ycombinator.com
757,757,Coriss,Hought,Suite 21,Štoky,582 53,377-802-3241,choughtl0@jalbum.net
758,758,Angelique,Torvey,PO Box 25634,Haz-Zebbug,ZBG,995-920-9017,atorveyl1@cdc.gov
759,759,Lauralee,Gibbard,PO Box 96459,Rozhdestveno,399768,953-322-6219,lgibbardl2@twitter.com
760,760,Craig,Drane,Suite 29,Dniprovka,,887-477-4408,cdranel3@uiuc.edu
761,761,Ransom,Ausiello,Apt 967,Citeureup,,570-409-5724,rausiellol4@senate.gov
762,762,Guendolen,Hammor,PO Box 77556,Banamba,,278-828-9512,ghammorl5@parallels.com
763,763,Harlene,Maureen,PO Box 72841,Zhonglong,,179-352-6796,hmaureenl6@posterous.com
764,764,Grazia,Roseveare,Room 1568,Trondheim,7404,257-421-5424,grosevearel7@cargocollective.com
765,765,Dario,Gley,17th Floor,Tyresö,135 34,706-742-2584,dgleyl8@liveinternet.ru
766,766,Beltran,Seaking,PO Box 26181,Tamaki,1072,604-847-2833,bseakingl9@delicious.com
767,767,Hoyt,Buckmaster,PO Box 96715,Kayukembang,,394-573-6454,hbuckmasterla@vkontakte.ru
768,768,Miguela,Johnston,PO Box 53292,Mandikbatu,,477-481-4175,mjohnstonlb@qq.com
769,769,Koo,Varnals,Room 1090,Sindangsari,,253-415-8127,kvarnalslc@princeton.edu
770,770,Ilka,Bachman,8th Floor,Huangdi,,251-873-0116,ibachmanld@github.com
771,771,Winifield,Roux,Suite 16,Sinilian First,2509,812-158-3464,wrouxle@wisc.edu
772,772,Timoteo,Amoore,PO Box 82265,Juli,,582-451-5674,tamoorelf@networksolutions.com
773,773,Alameda,Dumphrey,Suite 77,Newton,2162,617-224-7626,adumphreylg@harvard.edu
774,774,Doug,Tudge,Suite 35,Bršadin,32222,538-954-6576,dtudgelh@cdc.gov
775,775,Ronnie,Bangley,Room 1911,Urrô,4560-832,225-592-5141,rbangleyli@usnews.com
776,776,Chris,Tremblay,PO Box 89952,Uppsala,752 61,659-586-9936,ctremblaylj@sitemeter.com
777,777,Peri,Nunson,14th Floor,Verkhniy Avzyan,453524,930-984-9441,pnunsonlk@chron.com
778,778,Valera,Mathew,11th Floor,Bobrowice,66-627,615-287-6242,vmathewll@myspace.com
779,779,Gian,Briffett,Room 878,Hatu Buh,,838-758-2715,gbriffettlm@printfriendly.com
780,780,Freddie,Faiers,Suite 78,Ciseda,,931-842-3158,ffaiersln@apache.org
781,781,Krysta,Moff,Suite 51,Ribeiro,4600-758,734-242-0777,kmofflo@princeton.edu
782,782,Faunie,Jarley,Suite 69,Mingjing,,802-476-7038,fjarleylp@indiatimes.com
783,783,Augustine,Stonehewer,13th Floor,Krajan Satu,,803-857-3539,astonehewerlq@ftc.gov
784,784,Donny,Eastmead,Room 909,Caikouji,,840-295-0653,deastmeadlr@reddit.com
785,785,Catherina,Chetwin,PO Box 32545,Kāshān,,710-846-2817,cchetwinls@bandcamp.com
786,786,Minor,Gley,PO Box 51674,Ulsan,,323-568-9927,mgleylt@smugmug.com
787,787,Joletta,Waltering,Room 593,Patrocínio,38740-000,842-979-0438,jwalteringlu@webs.com
788,788,Norrie,Valadez,17th Floor,Brokopondo,,760-492-9485,nvaladezlv@sina.com.cn
789,789,Blaire,Pickrell,PO Box 33770,Dabou,,138-879-1070,bpickrelllw@utexas.edu
790,790,Roger,Reddel,Room 1813,Itaqui,97650-000,239-562-1140,rreddellx@chronoengine.com
791,791,Michel,Venmore,Suite 59,Huangshapu,,627-237-4975,mvenmorely@sakura.ne.jp
792,792,Coletta,Hagland,Room 1369,Oslo,162,652-336-9065,chaglandlz@uol.com.br
793,793,Ricoriki,Jurs,Apt 785,Qinjiang,,441-907-3789,rjursm0@rambler.ru
794,794,Logan,Wotton,4th Floor,Yenakiyeve,,865-837-7340,lwottonm1@hatena.ne.jp
795,795,Eirena,Andreassen,PO Box 77550,Bella Vista,,988-451-3033,eandreassenm2@meetup.com
796,796,Kerrie,Falkingham,Suite 41,Breda,4809,215-249-1424,kfalkinghamm3@jalbum.net
797,797,Kiel,Gammons,PO Box 23949,Francisco I Madero,26010,560-297-3726,kgammonsm4@wikipedia.org
798,798,Malcolm,Koba,Apt 1356,Muara,,911-136-7812,mkobam5@topsy.com
799,799,Taryn,Francie,Room 1265,Qitao,,349-304-5512,tfranciem6@surveymonkey.com
800,800,Gayler,Fradgley,Apt 1492,Tabuk,6010,672-219-0939,gfradgleym7@last.fm
801,801,Marlo,McRannell,9th Floor,Shāhpur Chākar,72121,284-119-6826,mmcrannellm8@fda.gov
802,802,Madelon,Hurdidge,11th Floor,Nevel’,182520,878-372-7482,mhurdidgem9@jiathis.com
803,803,Tomlin,Tiuit,Suite 33,Xinjian,,370-786-2230,ttiuitma@flavors.me
804,804,Karen,Lehrahan,3rd Floor,Voinjama,,191-985-9654,klehrahanmb@icq.com
805,805,Randall,Grinov,Apt 1190,Ljutomer,9240,543-135-6786,rgrinovmc@cnn.com
806,806,Margarete,Weddeburn - Scrimgeour,Suite 25,Estevan,S4A,341-655-3671,mweddeburnscrimgeourmd@chron.com
807,807,Egbert,Le Grice,Room 825,Apaga,,377-629-5990,elegriceme@nydailynews.com
808,808,Pooh,Frisdick,19th Floor,Třinec,739 94,708-569-8396,pfrisdickmf@blogger.com
809,809,Carree,Lansberry,PO Box 69440,Beberibe,62840-000,992-889-2839,clansberrymg@live.com
810,810,Myrilla,Kimmons,Room 1031,Yenagoa,,827-699-3283,mkimmonsmh@bigcartel.com
811,811,Mil,Ridout,Room 377,Sancha,,623-216-8188,mridoutmi@tumblr.com
812,812,Katerine,Gobbet,PO Box 88199,Bileća,,204-665-9375,kgobbetmj@microsoft.com
813,813,Robinett,Bird,Apt 1744,Sivers’k,,204-417-3979,rbirdmk@vistaprint.com
814,814,Jule,Tulleth,Apt 1236,Quetigny,21806 CEDEX,129-335-0621,jtullethml@telegraph.co.uk
815,815,Etti,Morrissey,7th Floor,Shaxi,,669-558-8195,emorrisseymm@nhs.uk
816,816,Lauren,Elias,Room 852,Aurillac,15015 CEDEX,820-549-0349,leliasmn@posterous.com
817,817,Wang,Skedgell,12th Floor,Castelli,7114,397-706-2575,wskedgellmo@ezinearticles.com
818,818,Jeannine,O'Neal,Room 1628,Banyulegi,,935-151-3617,jonealmp@rakuten.co.jp
819,819,Nonnah,Hobbert,PO Box 90892,Praia da Barra,3830-752,939-775-2339,nhobbertmq@trellian.com
820,820,Osbourn,Bunning,Room 227,Sukapura,,601-972-9959,obunningmr@canalblog.com
821,821,Vaughan,Putland,19th Floor,Matalam,9406,755-108-2688,vputlandms@slate.com
822,822,Lindon,Byrch,Room 235,Rivera,413008,703-856-0416,lbyrchmt@webeden.co.uk
823,823,Thia,Denis,PO Box 16401,Pengbu,,791-630-6912,tdenismu@hc360.com
824,824,Stillman,MacBey,9th Floor,Tongzi,,947-396-4186,smacbeymv@admin.ch
825,825,Sharron,Challice,16th Floor,Soio,,840-911-9047,schallicemw@twitpic.com
826,826,Jarrod,Puckham,16th Floor,Petrovice u Karviné,735 72,952-797-2433,jpuckhammx@blinklist.com
827,827,Brett,Kesby,1st Floor,Ma Đa Gui,,186-611-1397,bkesbymy@cnet.com
828,828,Hyacinthia,Shellibeer,Suite 3,Barrie,L9J,460-443-6860,hshellibeermz@opera.com
829,829,Gilberto,Lanktree,Room 1028,Ngulakan,,706-716-3105,glanktreen0@wp.com
830,830,Ernie,Tasseler,PO Box 38533,Corbeil-Essonnes,91104 CEDEX,927-870-4590,etasselern1@storify.com
831,831,Dena,Beldam,6th Floor,Dimayon,9217,763-215-9074,dbeldamn2@goodreads.com
832,832,Rickey,Mursell,10th Floor,Fuhe,,912-966-7057,rmurselln3@rediff.com
833,833,Husain,Satch,Room 1205,Wutumeiren,,730-750-3992,hsatchn4@deliciousdays.com
834,834,Willie,Iannuzzi,Suite 45,Pambuhan,8303,153-729-0605,wiannuzzin5@sbwire.com
835,835,Raul,Wisbey,Suite 91,Waihai,,337-472-1488,rwisbeyn6@uiuc.edu
836,836,Simone,Peoples,Room 1933,Grojec,32-615,807-465-7705,speoplesn7@economist.com
837,837,Fannie,Seals,18th Floor,Bantuanon,6311,932-620-7706,fsealsn8@ftc.gov
838,838,Wenona,Lorent,PO Box 10237,Zastávka,664 84,326-693-3918,wlorentn9@msn.com
839,839,Brnaby,Zuanazzi,Room 1052,Nueva Vida Sur,6224,736-201-8769,bzuanazzina@weebly.com
840,840,Elfrieda,Reaman,15th Floor,Burgos,8424,393-190-4189,ereamannb@cnet.com
841,841,Alena,Jaher,8th Floor,San Carlos de Bariloche,8400,308-651-5404,ajahernc@quantcast.com
842,842,Henderson,Paull,Apt 1738,Sogod,6606,254-342-8804,hpaullnd@ezinearticles.com
843,843,Fidela,Gittoes,Room 1465,Ornontowice,43-178,387-119-8215,fgittoesne@goo.ne.jp
844,844,Carmon,Goodbourn,PO Box 22282,Berendeyevo,152000,351-693-6770,cgoodbournnf@utexas.edu
845,845,Marj,Attack,Suite 16,Hucheng,,623-371-1374,mattackng@naver.com
846,846,Alene,Addicott,Suite 12,Kraskino,692715,953-132-1901,aaddicottnh@wsj.com
847,847,Kassie,Aiken,PO Box 71132,Klenje,,564-237-7959,kaikenni@jimdo.com
848,848,Sterling,Olenov,Suite 3,Dul’durga,687200,282-615-9680,solenovnj@hud.gov
849,849,Emlynn,Glowacha,Apt 552,Tucdao,6547,800-948-4947,eglowachank@springer.com
850,850,Antons,Russilll,Apt 208,Ramotswa,,357-103-0117,arussilllnl@etsy.com
851,851,Raynard,Knath,Room 612,Qianyou,,494-831-1212,rknathnm@squarespace.com
852,852,Lanette,Grayson,PO Box 99665,Oenunu,,786-129-3999,lgraysonnn@unblog.fr
853,853,Mose,McInility,PO Box 33366,Bocowanti,,336-665-2099,mmcinilityno@xinhuanet.com
854,854,Barrie,Lamyman,2nd Floor,Hořice,678 01,301-487-6940,blamymannp@globo.com
855,855,Kendell,Dehn,PO Box 22826,Ermida,3070-125,762-418-2782,kdehnnq@ucoz.com
856,856,Tarrance,Lorrimer,Room 291,Al Başrah,,797-995-8161,tlorrimernr@ftc.gov
857,857,Leanor,Coling,Apt 1644,Bahe,,262-829-1476,lcolingns@sakura.ne.jp
858,858,Darsie,Pleasance,16th Floor,San Buenaventura,,476-870-2857,dpleasancent@stumbleupon.com
859,859,Lila,Vignaux,18th Floor,Lümeng,,880-834-6575,lvignauxnu@umn.edu
860,860,Arin,Dommerque,Room 1541,At Tawāhī,,378-833-7265,adommerquenv@shop-pro.jp
861,861,Ginger,Skelhorne,PO Box 38390,Pesnica pri Mariboru,2211,971-612-1666,gskelhornenw@google.fr
862,862,Miguel,Earland,Room 747,Itaitinga,61880-000,385-463-3196,mearlandnx@cdc.gov
863,863,Hansiain,Renn,14th Floor,Mirošov,592 55,735-525-9735,hrennny@noaa.gov
864,864,Owen,Bambrugh,PO Box 19522,Xinsheng,,841-421-9376,obambrughnz@squarespace.com
865,865,Lynnette,Bevington,PO Box 47105,Domampot,2445,724-680-4271,lbevingtono0@webnode.com
866,866,Andriette,Easlea,Apt 1371,Klemunan,,172-111-4416,aeasleao1@bbb.org
867,867,Ellary,Jewell,Room 51,Bhakkar,30001,226-404-7019,ejewello2@naver.com
868,868,Veriee,Danks,Apt 830,Tariji,3119,447-904-2844,vdankso3@unicef.org
869,869,Garrett,Castanares,Apt 1671,Siilinjärvi,71801,529-672-4988,gcastanareso4@slideshare.net
870,870,Hobard,Ruddy,16th Floor,Yanjiao,,191-850-2765,hruddyo5@businessinsider.com
871,871,Cristiano,Spatoni,10th Floor,Fiditi,,704-763-6187,cspatonio6@wikispaces.com
872,872,Leora,Goodacre,19th Floor,Berëzovyy,682738,609-434-7777,lgoodacreo7@patch.com
873,873,Manfred,Gonzales,Room 1121,Elekmonar,649234,634-455-6241,mgonzaleso8@ning.com
874,874,Teddy,Prandoni,Apt 623,Saint-Étienne,42055 CEDEX 2,429-452-2036,tprandonio9@rediff.com
875,875,Janel,Masham,PO Box 35697,Timeng,,492-476-1395,jmashamoa@yelp.com
876,876,Gaston,Greenhouse,PO Box 72468,Sremčica,,308-172-3435,ggreenhouseob@edublogs.org
877,877,Kore,Alesbrook,Room 870,Spring,77386,713-747-8707,kalesbrookoc@jimdo.com
878,878,Druci,Talby,Apt 692,Merkezköy,34829,733-451-3311,dtalbyod@nba.com
879,879,Nessy,Sackey,Suite 49,Zhongxian,,283-148-4552,nsackeyoe@smh.com.au
880,880,Barri,Macklin,Apt 1909,Bogra,4520,656-103-6184,bmacklinof@jigsy.com
881,881,Humphrey,Dunkerley,Suite 89,Velyka Oleksandrivka,,637-529-8443,hdunkerleyog@wired.com
882,882,Maryanna,O'Hartnedy,PO Box 19586,Nai Harn,40330,301-181-7978,mohartnedyoh@canalblog.com
883,883,Burnaby,Bridgewater,Apt 1939,Amqui,G5J,623-950-5453,bbridgewateroi@nps.gov
884,884,Lyndel,Witson,Suite 14,Surazh,243500,861-312-2783,lwitsonoj@blogger.com
885,885,Elvis,Pittel,Room 1745,Nagoya-shi,486-0969,961-607-5583,epittelok@netscape.com
886,886,Nikolas,Tradewell,Suite 95,Stanley,,410-329-8571,ntradewellol@miitbeian.gov.cn
887,887,Kori,Bangley,8th Floor,Palpalá,4612,419-210-9503,kbangleyom@answers.com
888,888,Homere,Khristyukhin,Suite 28,Stockholm,112 40,279-368-1719,hkhristyukhinon@upenn.edu
889,889,Sherm,Brind,Apt 147,Santo Niño,6711,215-805-8642,sbrindoo@yahoo.co.jp
890,890,Chilton,Gley,Room 719,Vila Franca,4935-621,481-808-1661,cgleyop@trellian.com
891,891,Chicky,Christin,Suite 71,San Antonio,39260,109-344-9191,cchristinoq@mail.ru
892,892,Coleman,Tough,Suite 28,Rakitovo,4644,349-147-9720,ctoughor@sbwire.com
893,893,Marshal,Gwin,Room 1327,Novoselë,,934-668-3929,mgwinos@npr.org
894,894,Ferguson,Picard,Room 648,Kelasuri,,928-421-3397,fpicardot@ycombinator.com
895,895,Thebault,De Winton,Apt 284,Şirvan,,325-183-4492,tdewintonou@latimes.com
896,896,Harcourt,Prewer,Suite 62,Heping,,448-187-9211,hprewerov@epa.gov
897,897,Etty,Balm,Suite 29,Onokivtsi,,792-875-0333,ebalmow@fc2.com
898,898,Tarra,Larvent,Room 1671,Amsterdam Oud Zuid en Rivierenbuurt,1079,849-387-1263,tlarventox@twitpic.com
899,899,Sarette,Olenov,9th Floor,Satis,607328,514-854-2016,solenovoy@huffingtonpost.com
900,900,Letta,Maddinon,Apt 1726,Yangdu,,779-606-3387,lmaddinonoz@bigcartel.com
901,901,Peter,Narraway,PO Box 17410,Shangani,,442-838-3395,pnarrawayp0@flickr.com
902,902,Giffie,Filippozzi,PO Box 52084,Zhongwei,,795-148-1624,gfilippozzip1@icio.us
903,903,Matelda,Philipp,9th Floor,Chalon-sur-Saône,71332 CEDEX,985-751-1126,mphilippp2@facebook.com
904,904,Harmonia,Ratt,Room 615,Kiruna,981 80,525-851-1673,hrattp3@gnu.org
905,905,Chicky,Shemwell,Apt 1186,Miribanteng,,522-329-2929,cshemwellp4@youtu.be
906,906,Jorge,Wheal,18th Floor,Sietesz,37-206,426-335-3790,jwhealp5@ox.ac.uk
907,907,Elka,Mackelworth,PO Box 76131,Rozhniv,,153-410-9958,emackelworthp6@senate.gov
908,908,Hurleigh,Quantrill,3rd Floor,Barreirinhas,65590-000,184-982-2255,hquantrillp7@mapquest.com
909,909,Shaw,Pretswell,Apt 132,Cluses,74304 CEDEX,759-249-8199,spretswellp8@samsung.com
910,910,Pauly,Grover,Suite 9,Jiangnan,,447-496-6518,pgroverp9@un.org
911,911,Ty,Armatage,15th Floor,Ilha Solteira,15385-000,731-558-2957,tarmatagepa@sciencedirect.com
912,912,Jerry,Beller,Apt 1353,Mosta,MST,153-589-2839,jbellerpb@ca.gov
913,913,Lyssa,Mundford,Suite 7,Gierałtowice,44-186,291-947-6794,lmundfordpc@auda.org.au
914,914,Jacquelyn,Vearncomb,Suite 14,Apengjiang,,353-264-0608,jvearncombpd@stanford.edu
915,915,Dorrie,Froome,Apt 1520,Sliema,SLM,277-836-0302,dfroomepe@soundcloud.com
916,916,Marlyn,Sambles,PO Box 50566,Devitsa,397815,737-741-4934,msamblespf@cdc.gov
917,917,Imelda,Bows,Room 81,Hougang,,464-275-9181,ibowspg@last.fm
918,918,Ganny,Gowman,PO Box 34737,Brest,29213 CEDEX 1,452-401-6201,ggowmanph@nyu.edu
919,919,Reyna,Damarell,12th Floor,Lisovi Sorochyntsi,,793-152-4457,rdamarellpi@earthlink.net
920,920,Carie,Struttman,Suite 97,Upton,WF9,448-756-3059,cstruttmanpj@stanford.edu
921,921,Sidonia,Fettis,18th Floor,Särevere,,818-173-4876,sfettispk@parallels.com
922,922,Clarance,Duffie,7th Floor,Wenchang,,754-410-7116,cduffiepl@apache.org
923,923,Queenie,Metzing,Room 1117,Vargas,8201,207-475-9006,qmetzingpm@altervista.org
924,924,Helenelizabeth,Guillerman,Suite 79,Tiên Phước,,793-349-3604,hguillermanpn@abc.net.au
925,925,Ileane,Cantero,Apt 1379,Mizhhir’ya,,796-678-1265,icanteropo@blogtalkradio.com
926,926,Deerdre,Ferrino,PO Box 59795,Wudian,,584-274-5278,dferrinopp@bloglines.com
927,927,Erina,Thompson,Room 292,Strání,687 65,137-341-2075,ethompsonpq@google.it
928,928,Paddie,Scullion,10th Floor,Antipino,625516,927-250-7330,pscullionpr@joomla.org
929,929,Fianna,Southern,Suite 44,El Carmen,3190,686-208-5979,fsouthernps@forbes.com
930,930,Elsey,Neary,12th Floor,Taber,T1G,547-802-0963,enearypt@lulu.com
931,931,Giraldo,Regus,PO Box 61284,Vila do Maio,,612-865-7038,greguspu@google.fr
932,932,Mirabella,Linfoot,Room 1542,Carapelhos,3070-605,953-105-3963,mlinfootpv@gizmodo.com
933,933,Vick,Largen,PO Box 76042,Tumba,,357-653-8956,vlargenpw@go.com
934,934,Bari,Philippault,Room 751,Naguilian,1116,989-841-3215,bphilippaultpx@yale.edu
935,935,Adelbert,Athersmith,Suite 71,Shahrisabz Shahri,,813-380-3516,aathersmithpy@plala.or.jp
936,936,Olga,Antonovic,PO Box 81656,Lechinkay,361405,156-763-3682,oantonovicpz@slate.com
937,937,Ellsworth,Rowet,Room 1994,Łużna,38-322,169-945-3018,erowetq0@nps.gov
938,938,Roby,Euels,5th Floor,Avellaneda,5212,251-925-2029,reuelsq1@wunderground.com
939,939,Hunt,Bode,Room 1497,Aco,,488-924-5523,hbodeq2@ehow.com
940,940,Alistair,Minichi,Room 867,Tete,,443-627-3048,aminichiq3@independent.co.uk
941,941,Ray,Armfirld,Room 173,Banjar Ambengan,,984-320-9020,rarmfirldq4@ameblo.jp
942,942,Rozelle,Willavoys,7th Floor,Sukorambi,,456-845-0687,rwillavoysq5@artisteer.com
943,943,Brockie,Bowfin,Apt 1282,Thung Yang Daeng,46000,485-958-8058,bbowfinq6@desdev.cn
944,944,Layney,Adelsberg,12th Floor,Ningyang,,332-763-3428,ladelsbergq7@google.cn
945,945,Oswell,Penritt,Suite 2,Ejigbo,,825-171-4026,openrittq8@soundcloud.com
946,946,Bea,Hendrich,Suite 89,Paris 09,75318 CEDEX 09,145-198-6208,bhendrichq9@uiuc.edu
947,947,Kelly,Drewell,PO Box 5711,Istaravshan,,704-153-0975,kdrewellqa@vimeo.com
948,948,Briana,Cannings,Room 78,Quezalguaque,,354-665-9850,bcanningsqb@tiny.cc
949,949,Rurik,Boole,PO Box 1198,Xinjie,,831-290-4342,rbooleqc@archive.org
950,950,Jon,Hame,Room 1489,Massaguet,,136-810-7480,jhameqd@bloglovin.com
951,951,Caprice,Carlick,PO Box 49396,Pasirmanggu,,285-685-5587,ccarlickqe@jalbum.net
952,952,Daven,Arrow,Suite 66,Bromma,168 58,116-753-0482,darrowqf@barnesandnoble.com
953,953,Sascha,Menier,19th Floor,Káto Glikóvrisi,,737-829-0806,smenierqg@sfgate.com
954,954,Calvin,Berzins,Room 1616,Marne-la-Vallée,77614 CEDEX 3,262-728-0612,cberzinsqh@ed.gov
955,955,Donovan,Penquet,Room 688,Banjar Budakeling,,267-381-5390,dpenquetqi@msn.com
956,956,Myra,Baszniak,PO Box 29561,Khao Wong,46160,473-777-3452,mbaszniakqj@npr.org
957,957,Jazmin,Nann,Suite 70,Galubakul,,555-879-5497,jnannqk@youku.com
958,958,Witty,Gorey,Suite 68,Oqtosh,,249-498-1317,wgoreyql@ed.gov
959,959,Valentina,Blaschek,8th Floor,Årjäng,672 24,523-577-7305,vblaschekqm@example.com
960,960,Free,Skegg,Suite 11,Menzel Bourguiba,,796-868-9553,fskeggqn@yandex.ru
961,961,Ginelle,Milham,PO Box 50623,Ramos,2311,271-411-5766,gmilhamqo@newsvine.com
962,962,Stefanie,Gerriets,Suite 32,San Mariano,3332,324-312-6288,sgerrietsqp@bigcartel.com
963,963,Mei,Cordobes,PO Box 64915,Saýat,,161-151-9116,mcordobesqq@nature.com
964,964,Andra,L'Amie,Apt 584,Philadelphia,19120,610-283-4730,alamieqr@i2i.jp
965,965,Nigel,Windaybank,9th Floor,Bang Rakam,65140,208-678-4022,nwindaybankqs@tripadvisor.com
966,966,Kristoffer,Haddington,18th Floor,Velasco Ibarra,,189-713-8159,khaddingtonqt@prlog.org
967,967,Darla,Brecher,4th Floor,Sindangrasa,,770-617-2640,dbrecherqu@g.co
968,968,Reiko,Haw,15th Floor,Melbourne,32941,321-492-9834,rhawqv@symantec.com
969,969,Corrianne,Dimic,Suite 22,Gazanjyk,,222-928-0177,cdimicqw@pen.io
970,970,Jacenta,Spohrmann,Apt 1225,Osoyoos,N9V,167-318-6341,jspohrmannqx@stanford.edu
971,971,Alair,Gurner,Room 1582,Zonghan,,765-812-6418,agurnerqy@house.gov
972,972,Mychal,Voysey,PO Box 78294,Candi Prambanan,,106-816-3364,mvoyseyqz@dedecms.com
973,973,Noemi,Pirnie,PO Box 97616,Smolensk,214501,816-301-0447,npirnier0@china.com.cn
974,974,Leupold,Hemphrey,Suite 57,Lusigang,,734-972-6651,lhemphreyr1@hostgator.com
975,975,Salim,Trickey,Suite 59,Xinxing,,719-798-0478,strickeyr2@globo.com
976,976,Maggee,Ferrarello,Apt 1968,Aga,3505,158-795-6573,mferrarellor3@narod.ru
977,977,Jeremias,Halwell,Room 1922,Doropayung,,681-897-5003,jhalwellr4@studiopress.com
978,978,Madeleine,Tamblingson,Suite 31,Aguas Corrientes,,952-155-5878,mtamblingsonr5@jiathis.com
979,979,Jeni,Farn,PO Box 42924,Asamboka,,283-542-4916,jfarnr6@macromedia.com
980,980,Roldan,Chue,Suite 41,Créteil,94049 CEDEX,909-861-0897,rchuer7@topsy.com
981,981,Avictor,Lamminam,Suite 27,As Salţ,,201-196-8805,alamminamr8@smugmug.com
982,982,Delly,Boughtflower,Apt 1710,Almaty,,694-518-5468,dboughtflowerr9@sakura.ne.jp
983,983,Ahmed,Boulder,Apt 881,Světlá nad Sázavou,582 91,667-636-7692,aboulderra@zimbio.com
984,984,Mil,Blainey,Room 1318,Canmore,T1W,432-473-6646,mblaineyrb@japanpost.jp
985,985,Selina,Giacomuzzi,Apt 1664,Jaguimitan,1664,704-836-9860,sgiacomuzzirc@theatlantic.com
986,986,Norbie,Wheelhouse,Room 181,Morshansk,442283,564-699-9935,nwheelhouserd@google.co.jp
987,987,Garrek,Reeveley,14th Floor,Targanice,32-652,504-744-1832,greeveleyre@ft.com
988,988,Evangelina,Ibbitson,Suite 33,Nanmen,,396-831-8861,eibbitsonrf@mlb.com
989,989,Weston,Gawith,Room 1583,Putrajaya,62514,153-209-3350,wgawithrg@shutterfly.com
990,990,Purcell,Manderson,15th Floor,Odivelas,2675-080,883-828-5214,pmandersonrh@nps.gov
991,991,Frederico,Cud,18th Floor,Dahu Satu,,160-593-8148,fcudri@cbc.ca
992,992,Maris,Jenton,Suite 3,Panique,8717,420-585-1023,mjentonrj@mit.edu
993,993,Pru,Pattinson,10th Floor,Placetas,,403-310-9268,ppattinsonrk@scientificamerican.com
994,994,Esmeralda,Sheen,Room 38,Toledo,85900-000,696-637-1548,esheenrl@acquirethisname.com
995,995,Darb,Vasnev,PO Box 11782,Campbellton,E3N,707-779-1222,dvasnevrm@nps.gov
996,996,Sallyanne,Klimshuk,PO Box 12315,Dingbu,,144-449-9417,sklimshukrn@aboutads.info
997,997,Shirlee,Abramowsky,PO Box 53516,Ińsko,73-140,446-666-9149,sabramowskyro@prnewswire.com
998,998,Ursala,Yorke,Apt 1747,Iballë,,559-324-5241,uyorkerp@seattletimes.com
999,999,Garwin,Batchelor,PO Box 87934,Zwierzyń,66-542,955-717-6126,gbatchelorrq@wsj.com
1000,1000,Karlotta,Gaynsford,Room 1026,Elmira,14905,607-742-2357,kgaynsfordrr@indiegogo.com
